Time,P_charge,P_discharge,SoC
0,0.0,81.38456046798998,68.61543953201002
1,0.0,68.61543953201002,0.0
2,0.0,0.0,0.0
3,0.0,0.0,0.0
4,0.0,0.0,0.0
5,0.0,0.0,0.0
6,0.0,0.0,0.0
7,0.0,0.0,0.0
8,0.0,0.0,0.0
9,0.0,0.0,0.0
10,0.0,0.0,0.0
11,0.0,0.0,0.0
12,0.0,0.0,0.0
13,0.0,0.0,0.0
14,0.0,0.0,0.0
15,0.0,0.0,0.0
16,0.0,0.0,0.0
17,0.0,0.0,0.0
18,0.0,0.0,0.0
19,0.0,0.0,0.0
20,0.0,0.0,0.0
21,0.0,0.0,0.0
22,0.0,0.0,0.0
23,0.0,0.0,0.0
24,0.0,0.0,0.0
25,0.0,0.0,0.0
26,0.0,0.0,0.0
27,0.0,0.0,0.0
28,211.32771715798572,0.0,190.19494544218716
29,6.833389258725336,142.23508179206584,54.10991398297412
30,0.0,54.10991398297412,0.0
31,127.42699786930508,0.0,114.68429808237458
32,11.251077065271392,47.50741204656117,77.30285539455767
33,0.0,77.30285539455767,0.0
34,212.81075007419958,0.0,191.52967506677962
35,2.9783355137766554,71.00690210914358,123.20327492003501
36,0.0,76.41470706087128,46.788567859163734
37,203.46566062013636,46.788567859163734,183.11909455812275
38,8.010243050074832,98.05484015653906,92.27347314665104
39,0.0,92.27347314665104,0.0
40,201.25230445284637,0.0,181.12707400756173
41,5.097049293107833,77.73380887593619,107.9806094954226
42,0.0,107.9806094954226,0.0
43,326.08279515941757,0.0,293.4745156434758
44,13.630155227143502,106.11063408135779,199.63102126654718
45,0.0,137.7057039022177,61.92531736432949
46,10.107877805367481,61.92531736432949,9.097090024830734
47,7.095730532723388,9.097090024830734,6.38615747945105
48,0.0,6.38615747945105,0.0
49,316.6275948082065,0.0,284.96483532738586
50,0.7901386583401606,158.1683504896393,127.50760963025272
51,0.0,34.22148000256746,93.28612962768526
52,103.95661575842473,93.28612962768526,93.56095418258226
53,4.757151567758589,93.56095418258226,4.281436410982735
54,0.0,4.281436410982735,0.0
55,98.12681272520055,0.0,88.3141314526805
56,7.3860840561107475,59.68481397905735,35.27679312412282
57,0.0,35.27679312412282,0.0
58,199.8137715660356,0.0,179.83239440943206
59,9.539530527562453,70.40771907213752,118.01025281210073
60,0.014840238870161,37.49032212924248,80.5332868978414
61,220.35597618572572,80.5332868978414,198.32037856715314
62,9.422407704419824,65.41860815964633,141.38193734148467
63,0.0,78.59102964500762,62.79090769647705
64,130.45116407259192,62.79090769647705,117.40604766533274
65,3.965059810289484,94.57129431200124,26.40330718259203
66,0.0,26.40330718259203,0.0
67,151.9378987763642,0.0,136.74410889872777
68,4.899538157201056,136.74410889872777,4.409584341480951
69,0.0,4.409584341480951,0.0
70,180.00495284043515,0.0,162.00445755639163
71,3.0040470108076516,120.69880070351667,44.00929916260185
72,0.06998957467316587,44.00929916260185,0.06299061720584831
73,392.3298716399741,0.06299061720584831,300.0
74,9.608158058650119,116.68718945604633,191.96015279673878
75,0.13850148463852305,182.55389413229207,9.53091000062139
76,123.35114463719762,9.53091000062139,111.01603017347786
77,6.288443454495446,111.01603017347786,5.6595991090458995
78,0.09397454311807403,5.6595991090458995,0.08457708880626669
79,393.3588281013548,0.08457708880626669,300.0
80,9.004999267449728,92.43244117892272,215.67205816178205
81,0.0,157.33975242748386,58.33230573429819
82,129.75466604003918,58.33230573429819,116.77919943603527
83,14.44845833468994,60.464476149271775,69.31833578798444
84,0.027203536632061237,69.31833578798444,0.02448318296885077
85,89.42722689346951,0.02448318296885077,80.48450420412256
86,16.239769233978514,80.48450420412256,14.615792310580659
87,0.0,14.091963019115456,0.5238292914652032
88,111.46507186525939,0.5238292914652032,100.31856467873345
89,1.4019435532320987,100.31856467873345,1.261749197908884
90,0.0,1.261749197908884,0.0
91,0.8613855054329018,0.0,0.7752469548896117
92,2.0938977759244612,0.7752469548896117,1.8845079983320152
93,0.0,1.8845079983320152,0.0
94,324.73015962876906,0.0,292.25714366589216
95,17.94973152611459,152.6475652593415,155.76433678005378
96,0.5530946439827756,155.76433678005378,0.497785179584497
97,325.9134666558462,0.497785179584497,293.3221199902615
98,21.697448755427036,49.77162767418799,263.07819619595784
99,0.7679930852347294,115.65588386175324,148.11350611091586
100,312.0713111011699,148.11350611091586,280.86417999105294
101,7.521625961451236,60.14246904257976,227.4911743137793
102,0.3811706978127009,118.92567430071492,108.90855364109584
103,259.4293949289022,108.90855364109584,233.486455436012
104,12.91336356254986,97.22963679111373,147.87884585119312
105,0.6357448158485643,51.69433514095067,96.75668104450617
106,306.65689299571545,96.75668104450617,275.9912036961439
107,12.613066228421427,135.22785335402986,152.1151099476933
108,0.7055537549433609,29.718275696868414,123.03183263027391
109,289.9949167028085,123.03183263027391,260.99542503252763
110,34.03293427659316,13.345568818768072,278.2794970626934
111,0.2824704450732978,172.03696374710177,106.49675671615762
112,392.92580015163685,106.49675671615762,300.0
113,31.510224035207425,142.18445170218394,186.17474992950275
114,0.0,117.94538374680769,68.22936618269506
115,160.13323203066452,68.22936618269506,144.11990882759807
116,5.770255011215381,128.15948145662847,21.153656881063426
117,1.3811519168975777,21.153656881063426,1.2430367252078192
118,362.4170361874365,1.2430367252078192,300.0
119,11.512354265861683,128.65444449446045,181.70667434481504
120,0.0,126.9759782645004,54.730696080314644
121,383.13810418425214,54.730696080314644,300.0
122,16.670103538777056,64.29381008003006,250.7092831048693
123,0.3292045738210217,215.61487645997218,35.39069076133603
124,388.63889982563757,35.39069076133603,300.0
125,15.003133025492215,188.41946738126094,125.08335234168206
126,0.7737003793278859,125.08335234168206,0.6963303413950968
127,259.84290826025784,0.6963303413950968,233.8586174342321
128,26.560846092869166,128.79837762382004,128.9650012939943
129,0.5538116266936481,128.9650012939943,0.49843046402429536
130,162.7080059457258,0.49843046402429536,146.43720535115324
131,10.93572562661996,48.81507499427411,107.46428342083709
132,1.2156502517178303,103.43529136339957,5.123077283983562
133,668.3876533895082,5.123077283983562,300.0
134,15.29752823388913,26.317383995037936,287.4503914154623
135,3.0509893389977174,140.55404824939578,149.6422335711645
136,322.69036712710556,149.6422335711645,290.421330414395
137,12.020405720826068,133.02901058594304,168.21068497719543
138,1.0599426913256762,168.21068497719543,0.9539484221931218
139,96.63371685730847,0.9539484221931218,86.97034517157762
140,18.303986413172737,86.97034517157762,16.473587771855463
141,1.3094798388760875,16.473587771855463,1.1785318549884778
142,548.0056527907525,1.1785318549884778,300.0
143,17.871372306747116,75.65890138135158,240.4253336947208
144,0.18712557226156376,197.4119147185186,43.1818319912376
145,109.82832566632806,43.1818319912376,98.84549309969523
146,6.0241680959950195,52.72459610130349,51.54264828478726
147,0.6765602464019268,51.54264828478726,0.6089042217617333
148,485.039784074673,0.6089042217617333,300.0
149,14.05641814655471,126.7326095051311,185.91816682676813
150,4.94726072293316,174.64669273139114,15.724008746016835
151,464.8184606248786,15.724008746016835,300.0
152,24.661827739308087,136.2886953229675,185.90694964240976
153,2.2198023783497596,141.84143279439365,46.06333898853089
154,452.8205752987737,46.06333898853089,300.0
155,26.98594184542368,64.38139265326332,259.905955007618
156,2.9429599421311687,80.40208442071757,182.15253453481847
157,718.4325307157335,182.15253453481847,300.0
158,30.995962916476643,80.92504056617528,246.97132605865372
159,2.239248915921781,91.2805579903902,157.7060920925931
160,571.1444736618238,157.7060920925931,300.0
161,15.013203719391974,108.25697485948153,205.25490848797125
162,2.0092466625228216,95.37605429355038,111.6871761906914
163,505.9312083723852,75.53991717360009,300.0
164,24.79470015831388,184.2925666494207,138.0226634930618
165,2.3554483241533632,138.0226634930618,2.119903491738029
166,607.2598559754838,2.119903491738029,300.0
167,36.087632705609124,67.42576477152798,265.05310466352023
168,1.9402144897390814,186.4895973576951,80.30970034659029
169,459.7202528986615,80.30970034659029,300.0
170,19.81624561315348,67.24394541839204,250.5906756334461
171,2.563588730407161,203.30341648290198,49.59448900791057
172,334.0315644279808,49.59448900791057,300.0
173,36.09402448484928,165.9912313557791,166.49339068058524
174,4.3554950762302855,166.49339068058524,3.919945568607261
175,559.2387951673273,3.919945568607261,300.0
176,36.59545205044205,166.72714558934356,166.20876125605426
177,1.6604060013620654,166.20876125605426,1.4943654012258492
178,157.1614311409388,1.4943654012258492,141.4452880268449
179,18.075766987492752,111.65885703344813,46.05462128214026
180,6.3492522390056365,46.05462128214026,5.71432701510507
181,381.35415881725856,5.71432701510507,300.0
182,29.846193916944365,166.5692217964795,160.29235272877042
183,1.8621159788530337,160.29235272877042,1.6759043809677223
184,234.41063682857683,1.6759043809677223,210.96957314571915
185,18.50194552913171,112.20551772085359,115.41580640108411
186,0.5693115585010691,115.41580640108411,0.5123804026509617
187,562.7731863337406,0.5123804026509617,300.0
188,29.390303874846435,133.349567973113,193.10170551424878
189,3.103627197001145,177.28292028004506,18.61204971150474
190,273.63053787767046,18.61204971150474,246.26748408990343
191,16.866987071652375,167.70064804821718,93.74712440617341
192,0.11248992393436548,22.438423885352098,71.40994145236225
193,509.14793897140567,71.40994145236225,300.0
194,44.59404079571641,123.4985626269169,216.63607408922786
195,5.07679157673402,212.01512663855573,9.19005986973275
196,206.9994381190754,9.19005986973275,186.29949430716786
197,59.57688889961358,30.415638422540916,209.50305589427916
198,2.4306252979892413,157.74643010595568,53.94418855651378
199,446.82479831305096,53.94418855651378,300.0
200,45.708126826541594,74.16952473187268,266.9677894120148
201,3.113281834088579,227.6437950064336,42.12594805626088
202,526.6636554638864,42.12594805626088,300.0
203,6.440756329957124,111.94847213235819,193.84820856460323
204,0.8442797110121583,193.84820856460323,0.7598517399109426
205,404.81652175696263,0.7598517399109426,300.0
206,69.20827884456922,57.57172438050513,300.0
207,6.003711450947985,62.38982515771594,243.01351514813726
208,695.181247253675,243.01351514813726,300.0
209,27.595226816639563,60.34873358454126,264.48697055043436
210,8.97478203408101,215.83462193879333,56.72965244231395
211,500.5858529883149,56.72965244231395,300.0
212,57.53428072282353,70.16995725207906,281.61089539846216
213,4.2662019611254225,159.6341195486537,125.81635761482136
214,574.3389951414397,125.81635761482136,300.0
215,29.434212043407538,77.97524934434472,248.51554149472207
216,3.951632739517425,179.09216278631862,72.97984817396912
217,146.4545775296682,72.97984817396912,131.80911977670138
218,31.008710524756815,64.39572285088822,95.32123639809429
219,2.6894382172744624,95.32123639809429,2.42049439554701
220,622.9227288135495,2.42049439554701,300.0
221,35.09953860902796,142.5057530328408,189.08383171528436
222,4.242459982706926,189.08383171528436,3.818213984436227
223,472.96924492183064,3.818213984436227,300.0
224,51.60745380177929,181.3688113000696,165.07789712153178
225,3.304736717960491,151.95629213941615,16.09586802828008
226,232.77881102874798,16.09586802828008,209.50092992587318
227,24.43546520062402,58.92290324852154,172.56994535791324
228,1.5931684071879706,88.38661204700001,85.6171848773824
229,306.477221727659,85.6171848773824,275.8294995548931
230,39.13539262426713,112.2974542053089,198.75389871142465
231,6.878031647871621,13.56616415039229,191.37796304411683
232,591.7885996958097,191.37796304411683,300.0
233,32.5292100764137,57.82214064720165,271.45414842157066
234,4.619825346938681,99.15095599447416,176.46103523934136
235,769.7014777154573,176.46103523934136,300.0
236,38.361586886018976,2.5194841571120064,300.0
237,5.730934704504895,199.72111310538097,105.43672812867342
238,556.8912013394207,105.43672812867342,300.0
239,30.13426329943149,162.2798906378199,164.84094633166842
240,7.26148493406112,110.01605050792315,61.36023226440028
241,805.12482542027,61.36023226440028,300.0
242,58.6171219369994,35.80931124756502,300.0
243,7.072394874064608,165.24454392067156,141.1206114659866
244,557.4760559694472,141.1206114659866,300.0
245,29.60724886022732,33.07874021029835,293.5677837639062
246,15.020276604752482,107.79088702166332,199.29514568652013
247,718.5711113934691,199.29514568652013,300.0
248,58.96343578723555,156.10200667674613,196.96508553176588
249,8.279276515253779,196.96508553176588,7.451348863728413
250,566.1552870632654,7.451348863728413,300.0
251,6.5491339408854925,57.93711154696781,247.95710899982913
252,4.779834012191905,193.08026596476043,59.17869364604141
253,335.30945418175173,59.17869364604141,300.0
254,63.40460364360831,148.9186879183344,208.1454553609131
255,6.575188030187765,134.33551120320692,79.72761338487518
256,544.5685738503672,79.72761338487518,300.0
257,28.60849361242611,97.17709036064106,228.57055389054244
258,2.2174442215909345,160.9306859336178,69.63556775635647
259,1052.7008221585177,69.63556775635647,300.0
260,65.24110365177002,118.4312071451955,240.28578614139752
261,8.224314729578074,73.96378513417106,173.72388426384674
262,454.7053294471122,173.72388426384674,300.0
263,38.153294829972964,60.09632465111267,274.241640695863
264,9.576626999266846,142.86662092160645,139.99398407359672
265,578.3631126278168,139.99398407359672,300.0
266,11.954224476792666,98.39130368877218,212.3674983403412
267,0.9467736864862958,187.63311676774967,25.586477890429194
268,688.8698057782314,25.586477890429194,300.0
269,15.219527432507531,85.27416363546924,228.42341105378756
270,0.8308129327419636,138.8030229231079,90.36811977014742
271,383.9037702942521,90.36811977014742,300.0
272,28.572655063294036,111.50016524205154,214.2152243149131
273,0.5623715687529938,214.2152243149131,0.5061344118776958
274,835.4453515641395,0.5061344118776958,300.0
275,37.98317738560117,29.73150073612889,300.0
276,2.7407990198095904,89.3207222640273,213.14599685380134
277,339.5015493551872,213.14599685380134,300.0
278,16.975727758600208,60.5698320737463,254.70832290899392
279,3.448078185432409,152.81456674395585,104.99702653192722
280,415.9080783711389,104.99702653192722,300.0
281,17.4769863293025,66.00448317336512,249.72480452300712
282,0.6460834272808589,129.18109319355196,121.12518641400794
283,256.07378550604375,85.32882985745115,266.2627635119961
284,89.43008784958874,101.29840587748009,245.45143669914592
285,0.9428212731526949,51.421147760585825,194.87882808439753
286,260.5823641031877,194.87882808439753,234.52412769286894
287,64.77813921230896,108.87104660424929,183.95340637969775
288,2.001994521226284,130.2676533885959,55.48754806020551
289,78.48222366688192,55.48754806020551,70.63400130019373
290,18.50950466734596,70.63400130019373,16.658554200611363
291,1.647043244091304,16.658554200611363,1.4823389196821743
292,851.8655251471797,1.4823389196821743,300.0
293,59.88434499678413,113.76120798490044,240.13470251220528
294,0.3556873124618554,29.9621461894777,210.49267490394325
295,337.0328586019129,77.79809696891773,300.0
296,95.5112767551805,120.98178291694039,264.97836616272207
297,0.2851864842770401,149.9951603953789,115.2398736031925
298,269.6287257637622,115.2398736031925,242.66585318738595
299,36.592183483963176,57.89006854941733,217.7087497735355
300,2.1453353589138007,217.7087497735355,1.9308018230224206
301,445.8834908514078,1.9308018230224206,300.0
302,95.32213869231512,127.42502812731942,258.3648966957642
303,4.018083646562024,90.174364011683,171.806807965987
304,331.68188167730597,171.806807965987,298.5136935095754
305,101.04769895490371,72.87710803437373,300.0
306,4.71159270885731,180.714824981716,123.52560845625561
307,167.42482535388308,123.52560845625561,150.68234281849476
308,13.247885254731619,21.93162386611258,140.67381568164063
309,0.4182842085305494,34.82752187240205,106.22274959691606
310,273.6903926188692,106.22274959691606,246.32135335698229
311,148.22343146440332,61.036241160089865,300.0
312,2.6664366184614576,200.23130661215035,102.16848634446498
313,316.9250008097833,102.16848634446498,285.2325007288049
314,90.4787851866245,158.57716960327403,208.08623779349293
315,9.945446725907452,182.5175878262494,34.51955202056021
316,639.0248635405172,34.51955202056021,300.0
317,86.33711453687596,148.5136836986355,229.1897193845529
318,5.917166167738864,158.59639040033414,75.91877853518372
319,182.54949431667367,75.91877853518372,164.2945448850063
320,49.27627355680927,149.40154945977525,59.24164162635941
321,7.41658294648909,59.24164162635941,6.674924651840186
322,291.0058382087651,6.674924651840186,261.9052543878886
323,109.75021411431736,132.09974279572646,228.58070429504778
324,4.7428107987447685,220.5237620301476,12.325471983770484
325,309.5725864643021,12.325471983770484,278.61532781787184
326,64.04199242174255,117.91032881193198,218.34279218550816
327,5.3919682361281325,171.32411828378844,51.87144531423505
328,513.4435517417487,51.87144531423505,300.0
329,128.35551637617664,72.83297273540897,300.0
330,5.955615561040865,90.44589767487436,214.91415633006244
331,306.2283068830162,214.91415633006244,275.6054761947146
332,66.08256817078743,107.83459293092643,227.24519461749685
333,4.622651255233852,112.1056910979115,119.29988964929582
334,290.81743899285084,119.29988964929582,261.73569509356577
335,45.16351452940481,55.67570382770671,246.70715434232338
336,3.702197049865215,108.2381604681204,141.80097121908165
337,241.96975317243417,141.80097121908165,217.77277785519078
338,97.75308232380551,174.84952185200115,130.9010300946146
339,7.331973694016601,125.37581952577764,12.1239868934519
340,403.1745662399526,12.1239868934519,300.0
341,56.92443776242959,24.07695297596519,300.0
342,11.776770404049651,17.068200389948906,293.53089297369576
343,576.9303208622019,225.56185362325692,300.0
344,70.7722265368743,60.01525011500463,300.0
345,8.351516939203709,29.557776009260238,277.9585892360231
346,729.8413267617849,277.9585892360231,300.0
347,133.85009417561517,89.64570335251315,300.0
348,7.442362409479268,82.55334107013276,224.1447850983986
349,780.5086623239159,224.1447850983986,300.0
350,156.18992476206085,129.70873985672378,300.0
351,13.561322287933645,61.30848219320073,250.89670786593956
352,434.3565880621805,250.89670786593956,300.0
353,94.57322033114795,85.82216801364342,299.2937302843897
354,12.258868234777406,238.9398510274475,71.38686066824187
355,652.6077079671456,71.38686066824187,300.0
356,167.75327578556985,122.30857326256847,300.0
357,5.007772822817752,57.33218713578513,247.17480840475085
358,917.1217606085526,247.17480840475085,300.0
359,83.73102165962278,93.90566767505538,281.45225181860513
360,6.4649408550546275,252.96331750591054,34.30738108224375
361,326.19747801660407,34.30738108224375,293.57773021494364
362,231.42306879922896,130.2583286813108,300.0
363,11.835582866935047,119.6293198185496,191.0227047616919
364,1007.0889621515103,185.2884324464028,300.0
365,110.97723041430832,62.89323699723563,300.0
366,10.826925481051632,139.60784032483826,170.13639260810822
367,624.5199725470344,170.13639260810822,300.0
368,148.84127877678395,53.670968016562895,300.0
369,11.10157914119008,217.56986529468517,92.42155593238593
370,695.2876940791158,92.42155593238593,300.0
371,81.75603653903362,43.41361510490663,300.0
372,14.461145808391652,111.43150795253766,201.5835232750148
373,467.28990383938145,201.5835232750148,300.0
374,125.89779771643333,129.4404611421177,283.8675568026723
375,9.95772426282726,167.07606552908106,125.75344311013578
376,612.5789404026025,125.75344311013578,300.0
377,52.850010856006726,47.10132997125711,300.0
378,5.622957814519074,101.80204449756792,203.25861753549924
379,313.0004892853286,203.25861753549924,281.70044035679575
380,109.76073546151603,62.91378105515151,300.0
381,6.15743342614281,188.44457761177907,117.09711247174945
382,329.57389583436026,117.09711247174945,296.6165062509242
383,117.23512155894863,60.1498883251512,300.0
384,9.701548480093852,204.83945456054522,103.89193907153924
385,236.9939047362303,103.89193907153924,213.29451426260727
386,21.972929319708506,118.46262366869311,114.6075269816518
387,8.626849021448866,93.0305188809448,29.34117222001099
388,493.06660613011485,22.90402280018758,300.0
389,74.25640667713607,91.67508097069512,275.15568503872737
390,19.544045264039724,92.56699438664644,200.17833138971667
391,716.3781419282528,200.17833138971667,300.0
392,165.44621984983755,79.51352396038783,300.0
393,13.879970149505464,222.39790413043903,90.09406900411591
394,829.6284050659472,90.09406900411591,300.0
395,206.79927056339847,16.088004291200562,300.0
396,24.58151195016925,213.68960947722783,108.43375127792447
397,1100.556846214337,108.14262698785684,300.0
398,165.90593708461418,42.09056647592511,300.0
399,17.28969744056001,202.6831413564427,112.8775863400613
400,1065.1413013075776,112.8775863400613,300.0
401,75.32460088706151,111.93531802303877,255.8568227753166
402,10.431573898782817,157.41609830037524,107.82914098384592
403,375.4829671440439,107.82914098384592,300.0
404,204.0371758190512,6.999976556860554,300.0
405,20.250659332430228,57.6089462613718,260.61664713781545
406,585.6756419263929,182.16444955202124,300.0
407,171.067515643083,130.7494572214126,300.0
408,25.99777329936099,184.29146932437683,139.10652664504804
409,472.40122135667684,139.10652664504804,300.0
410,78.93475054111335,37.09805337333353,300.0
411,5.588198409695249,184.73335190648368,120.29602666224207
412,671.5047406110147,120.29602666224207,300.0
413,195.8540543713724,95.43581532783783,300.0
414,19.340476578800175,165.3736824919687,152.03274642895147
415,476.1812188286376,152.03274642895147,300.0
416,202.42887336216228,105.13298397610727,300.0
417,10.695782083441362,132.70845616221035,176.9177477128869
418,1002.1429247987498,176.9177477128869,300.0
419,145.94629051846704,155.0475663925512,276.3040950740691
420,7.108809119497697,187.44724967628912,95.2547736053279
421,838.2097089567113,95.2547736053279,300.0
422,227.47156573289996,101.4282634574007,300.0
423,19.263443403464127,197.8237348192164,119.5133642439013
424,563.3786034353335,119.5133642439013,300.0
425,231.1347342739266,56.772556488014715,300.0
426,18.549268834085986,156.2372050438825,160.45713690679486
427,494.4105913578625,160.45713690679486,300.0
428,234.82472361335897,99.63304153924888,300.0
429,14.583354073738413,227.9787069691978,85.14631169716677
430,135.29413438915776,85.14631169716677,121.76472095024201
431,191.55732734270717,121.76472095024201,172.40159460843643
432,25.20212645528505,154.69237738349776,40.391131034695206
433,845.3815299579954,40.391131034695206,300.0
434,63.59360920174599,45.305433437065886,300.0
435,13.710480175824319,117.49521068204717,194.84422147619472
436,487.1445759445722,194.84422147619472,300.0
437,103.47435855886853,53.21357682379367,300.0
438,23.54323696765886,21.885145335931995,299.30376793496094
439,237.8446671641894,218.0165603078022,295.3474080749292
440,192.51086168925815,102.14889123621604,300.0
441,23.51187538591953,266.6793059810973,54.48138186623032
442,536.6749811372031,54.48138186623032,300.0
443,80.46456161345054,32.28848003938322,300.0
444,3.436567553001551,212.94912619113623,90.14378460656516
445,682.4258727616836,90.14378460656516,300.0
446,105.89526391665143,21.674468473778184,300.0
447,17.552505498077366,132.64309646289536,183.1541584853743
448,215.23351834884699,183.1541584853743,193.7101665139623
449,175.9154745356094,55.83055877492771,296.20353482108305
450,16.164388246239376,74.5344039650207,236.21708027767778
451,805.7826083159182,236.21708027767778,300.0
452,147.35246900576985,53.697808545861434,300.0
453,15.463464948654831,137.3152634793365,176.60185497445283
454,140.15906600547825,78.64794855397528,224.097065825408
455,182.34730784138554,47.29308576407043,300.0
456,20.081689084912085,73.01203737381577,245.0614828026051
457,1112.986164638276,174.06046598647703,300.0
458,170.8089688576112,113.06379794387855,300.0
459,7.368803351059064,182.40084887899778,124.23107413695536
460,204.47832118678812,124.23107413695536,184.03048906810935
461,174.3006906955457,103.31524565956,237.58586503454046
462,7.1137874247049195,185.63195297109039,58.35632074568451
463,622.2427083772819,58.35632074568451,300.0
464,171.20796957269002,197.39120430684295,256.6959683085781
465,15.219510867604665,75.01300667762915,195.3805214117931
466,626.5262046261362,195.3805214117931,300.0
467,193.87483513206317,113.20513694494807,300.0
468,18.09751694863281,120.57817009562974,195.7095951581398
469,187.8349220545448,195.7095951581398,169.0514298490903
470,88.42206793045389,48.11117003343139,200.52012095306742
471,7.822461740596342,200.52012095306742,7.040215566536716
472,166.72291895386843,7.040215566536716,150.05062705848158
473,229.3635532003899,132.45777467784373,224.02005026098877
474,9.039626025713464,162.58057735730438,69.57513632682651
475,421.0601895951265,69.57513632682651,300.0
476,57.34549221123332,92.8503462566115,258.7605967334985
477,6.677709317824629,152.76881824180785,112.00171687773283
478,647.3595740866331,112.00171687773283,300.0
479,220.29908898860663,1.688045966015994,300.0
480,22.283274881538716,135.46559665017182,184.58935074321303
481,848.0671959353211,138.14833826305778,300.0
482,77.2788732564006,110.46255882380795,259.08842710695257
483,11.17103521185109,202.12893102906202,67.01342776855654
484,938.9311830667843,67.01342776855654,300.0
485,245.89598194454172,131.3869827347466,300.0
486,24.077487822470008,192.47743703587219,129.19230200435084
487,428.42585033949234,96.25366242732022,300.0
488,289.1777279572583,61.12616663288962,300.0
489,16.01227664884203,110.520288497562,203.8907604863958
490,523.2135647044992,203.8907604863958,300.0
491,136.7940017359776,126.90648203963953,296.20811952274033
492,14.417483080511035,161.34882742606374,147.83502686913653
493,981.3880129633583,147.83502686913653,300.0
494,163.50936010205328,171.459566723811,275.69885736803695
495,19.28114499766551,131.2603624705935,161.7915253953424
496,1383.3158279668332,161.7915253953424,300.0
497,131.40929978685924,46.93404728233696,300.0
498,22.736776839636384,226.101328278116,94.36177087755675
499,1107.3919988909156,94.36177087755675,300.0
500,149.80688835515835,191.42519533535867,243.40100418428383
501,18.151369226947068,108.62221848431587,151.11501800422036
502,113.84615520204072,151.11501800422036,102.46153968183665
503,120.08348692734329,102.46153968183665,108.07513823460897
504,2.898473521671439,108.07513823460897,2.6086261695042907
505,207.19339474222184,2.6086261695042907,186.47405526799963
506,41.878737915048,122.30903656129139,101.85588283025145
507,17.78018038157302,53.87095497032891,63.987090203338255
508,300.1397861065069,63.987090203338255,270.12580749585624
509,184.66030752228264,145.15658449281665,291.163499773094
510,6.410538897483935,153.92203164837633,143.0109531324532
511,296.6718140307849,143.0109531324532,267.0046326277064
512,191.4110780809002,113.90368694480301,300.0
513,13.014952975392111,15.526433788202437,296.18702388965045
514,620.3302178357233,243.09803979546382,300.0
515,228.0326477888727,77.24871544460198,300.0
516,18.377434639389982,232.1560877934197,84.38360338203128
517,619.3020895936048,84.38360338203128,300.0
518,121.77640961324484,36.425674164418034,300.0
519,1.4928972529013362,112.99215104809011,188.3514564795211
520,249.75205404265847,188.3514564795211,224.77684863839264
521,253.8894516535737,92.64784700110339,300.0
522,2.72128335622392,250.22406315462055,52.225091865981
523,192.42996009555137,52.225091865981,173.18696408599624
524,130.33487721583484,46.29222374740427,244.1961298328433
525,27.20402071953744,80.97874084470527,187.70100763572174
526,584.6687262151203,187.70100763572174,300.0
527,56.11857903094829,116.65571918691245,233.851001940941
528,12.861407861088601,185.10106701633197,60.32520199958876
529,383.4029569926461,60.32520199958876,300.0
530,97.51754300837067,113.70129690749779,274.0644918000358
531,8.39082643805734,121.55758685768058,160.0586487366068
532,550.8895733504679,160.0586487366068,300.0
533,203.3182138066091,84.69757409799671,300.0
534,10.680429385390077,149.2130027561752,160.39938369067588
535,570.5008716412826,160.39938369067588,300.0
536,248.09118968597474,157.35883513580504,300.0
537,230.9183142036412,189.6313531282824,300.0
538,113.5036754566374,151.6786122296941,250.47469568127954
539,151.21545048243985,42.54099198257002,300.0
540,263.53998809921865,220.17311296376127,300.0
541,168.22398090485416,219.98508183834946,231.41650097601928
542,216.53075882078343,78.55985743847238,300.0
543,247.7900416730973,40.149768551320584,300.0
544,210.0798220275574,300.0,189.0718398248017
545,288.1510996729399,122.65310710136028,300.0
546,64.88924035280158,27.91722835936927,300.0
547,280.31902988118253,103.72208711554973,300.0
548,265.8517139675199,123.26447829469987,300.0
549,165.3315000153555,197.80361580721703,250.99473420660289
550,165.31265968829942,250.99473420660289,148.7813937194695
551,217.53767493187425,99.7763513480912,244.78894981006513
552,52.927362878734264,182.1529888445988,110.27058755632717
553,45.94522102219512,110.27058755632717,41.3506989199756
554,229.77366724863828,41.3506989199756,206.79630052377445
555,211.16675252709402,155.7323620769363,241.11401572122278
556,83.31052155513758,199.3172190696305,116.77626605121608
557,259.1739734103948,116.77626605121608,233.25657606935536
558,70.71921476902648,233.25657606935536,63.64729329212386
559,287.00817466764005,63.64729329212386,258.307357200876
560,204.679349802847,128.6572440883582,300.0
561,173.20525984184025,198.56670269959022,257.318031158066
562,81.90802709224762,257.318031158066,73.71722438302288
563,319.16271128799735,73.71722438302288,287.2464401591976
564,133.44202798018438,103.52705699250185,300.0
565,149.3340541695045,279.16139554787424,155.2392532046798
566,130.06625573113286,100.30897998008834,171.98990338261103
567,137.3648959677121,171.98990338261103,123.62840637094087
568,549.2911612075645,123.62840637094087,300.0
569,24.753863889420987,116.2928593188847,205.98561818159422
570,17.89875803234374,139.94301376474766,82.15148664595591
571,152.55034066931057,82.15148664595591,137.29530660237953
572,69.19946539641639,137.29530660237953,62.27951885677476
573,10.28160156457577,62.27951885677476,9.253441408118192
574,780.8995892321328,9.253441408118192,300.0
575,92.32463291815172,158.44886159654862,224.64330802978793
576,10.884645497618669,186.17569482508438,48.263794152560365
577,176.04469378234828,48.263794152560365,158.44022440411345
578,107.21510568849598,72.05106535481245,182.88275416894737
579,1.5391387506861833,154.9600462503949,29.30793279417003
580,186.09222490521094,29.30793279417003,167.48300241468985
581,74.51499361653076,49.83560223154863,184.71089443801893
582,4.539917868994407,134.65215597459257,54.14466454552132
583,452.58704449578437,54.14466454552132,300.0
584,139.5665158891539,132.65070439221628,292.95915990802223
585,2.2115947295922833,170.57281519433857,124.37677997031673
586,148.42723967764738,124.37677997031673,133.58451570988265
587,98.53599257171736,18.54467610186279,203.7222329225655
588,7.518346399954278,172.00428644504734,38.484458237477014
589,182.7319271842615,38.484458237477014,164.45873446583536
590,49.606382020967914,61.97112704952148,147.13335123518502
591,7.9522244895996135,147.13335123518502,7.1570020406396395
592,62.01325280321761,7.1570020406396395,55.81192752289585
593,72.94951200530284,50.46934709299613,70.99714123467227
594,6.885356211066305,70.99714123467227,6.196820589959671
595,655.3408810069034,6.196820589959671,300.0
596,101.36539406758197,130.40950875212113,260.81934590870264
597,10.656750407680246,94.6005946500542,175.80982662556065
598,859.2637076176409,175.80982662556065,300.0
599,109.563044184144,78.97550429606135,300.0
600,5.383509070074611,183.9191244059551,120.92603375711204
601,528.981707542508,112.81079538620436,300.0
602,135.76544033263067,74.16508237934754,300.0
603,9.020751705981548,162.6271277255299,145.49154880985347
604,531.152635916378,145.49154880985347,300.0
605,139.55342614308117,31.692190951092837,300.0
606,13.903912680245153,142.8010966282478,169.71242478397286
607,374.5752867249265,169.71242478397286,300.0
608,215.96361759288408,150.21220156361983,300.0
609,5.32357316405082,78.53813860537704,226.2530772422687
610,460.3477338757868,226.2530772422687,300.0
611,168.95102825170437,138.62173125318668,300.0
612,3.0355069602423086,77.14774460775766,225.5842116564604
613,397.2785351439647,91.77755901863263,300.0
614,112.05547226415776,42.02999159283189,300.0
615,2.5376645275659775,249.24736670337464,53.036531371434734
616,189.0156325591407,53.036531371434734,170.11406930322664
617,100.48748812288723,133.70819830379017,126.844610310035
618,4.3755835277739825,57.40641181561229,73.3762236694193
619,562.5153379052779,73.3762236694193,300.0
620,54.40849927882282,71.23167495843488,277.7359743925056
621,2.6594390221205972,129.68489248818813,150.44457702422605
622,470.4550796154791,150.44457702422605,300.0
623,143.02975217372267,188.84682514837533,239.8799518079751
624,5.642189871362348,196.51256003201206,48.44536266018915
625,114.88955150580937,48.44536266018915,103.40059635522843
626,126.6692518206628,103.40059635522843,114.00232663859651
627,5.174575226555345,114.00232663859651,4.657117703899814
628,282.2379096059473,4.657117703899814,254.0141186453526
629,77.38598270314085,54.28967500923007,269.3718280689493
630,14.915555377042933,150.9013295594113,131.89449834887665
631,222.51576618587373,103.55985288407426,228.59883503208874
632,118.80887334873306,141.9351626738379,193.5916583721106
633,5.881269729368688,71.33101251350905,127.55378861503337
634,462.60127687402723,127.55378861503337,300.0
635,164.39642443551287,115.43252937426081,300.0
636,11.28908646165919,172.58140673133994,137.57877108415335
637,170.8072521155682,137.57877108415335,153.7265269040114
638,128.19993875097254,153.7265269040114,115.37994487587525
639,2.2321333705148283,115.37994487587525,2.0089200334633404
640,1050.703596556023,2.0089200334633404,300.0
641,136.85376930373198,98.27477763194264,300.0
642,1.743359523666018,141.3643958802982,160.2046276910012
643,371.8138559797898,115.57842071421187,300.0
644,44.52592214519223,33.48894626600105,300.0
645,7.154067592700852,214.91574439334767,91.52291644008312
646,874.6631731322981,91.52291644008312,300.0
647,111.67531218728541,111.92416061066413,288.58362035789276
648,7.31822265933556,161.31766602018163,133.85235473111314
649,296.2660106581398,133.85235473111314,266.6394095923258
650,97.24887700416093,119.78407892527159,234.37931997079906
651,2.0534825392270615,37.88671037305284,198.34074388305058
652,131.37367839251996,198.34074388305058,118.236310553268
653,51.06017152190473,113.20296974746407,50.98749517551818
654,4.691944482290686,50.98749517551818,4.222750034061619
655,118.25488706479256,4.222750034061619,106.4293983583133
656,59.59875111883675,104.87933113778504,55.18894322748133
657,1.8848922182052619,55.18894322748133,1.6964029963847338
658,374.1128762083108,1.6964029963847338,300.0
659,75.42422320151667,124.15142018079892,243.73038070056606
660,5.167819314706676,159.0235271210403,89.35789096276176
661,578.0044218020237,89.35789096276176,300.0
662,28.911328442080798,150.0376455012441,175.98255009662861
663,6.81510718050203,175.98255009662861,6.133596462451834
664,601.1959696301019,6.133596462451834,300.0
665,41.2004719708828,138.05192678788575,199.02849798590876
666,5.782653122010838,91.25247346919636,112.98041232652216
667,777.5691276004623,112.98041232652216,300.0
668,87.32194478838272,139.06574206609307,239.5240082434514
669,8.065686963558749,170.00286007145797,76.78026643919628
670,438.4067175171638,60.65344486883586,300.0
671,99.35284059651342,85.92702484310779,300.0
672,3.04374306113257,180.6088879536018,122.13048080141752
673,297.4999770380371,122.13048080141752,267.74997933423333
674,48.562254825223725,98.76752596909324,212.68848270784144
675,6.794121241230933,212.68848270784144,6.11470911710785
676,211.6076540629749,6.11470911710785,190.4468886566774
677,101.09528939992784,151.49436820141676,129.93828091519566
678,1.446037822068495,129.93828091519566,1.3014340398616469
679,151.08853026179486,1.3014340398616469,135.97967723561538
680,91.92508822186822,124.07750903048185,94.63474760481495
681,3.6565467402585163,94.63474760481495,3.290892066232658
682,621.6946895578154,3.290892066232658,300.0
683,78.34366988777978,114.87143281617253,255.63787008282927
684,6.619474293095355,92.35375352864888,169.2416434179662
685,345.32246669235207,67.18725781660922,300.0
686,49.35693584864767,109.20066805761452,235.2205742061684
687,1.0198900643219777,131.42480603095433,104.71366923310387
688,301.758041403406,104.71366923310387,271.58223726306545
689,31.088609658081634,162.26527012511863,137.29671583022028
690,6.046313708204669,105.20681750945919,37.5315806581453
691,330.2389496565806,37.5315806581453,297.21505469092256
692,91.44761054381868,81.94173585671382,297.57616832364556
693,2.5316502600093185,174.0260034435573,125.82865011409663
694,407.69912315797,125.82865011409663,300.0
695,83.06841064975819,146.9260742967498,227.83549528803258
696,2.3768943436162693,110.63279718472629,119.34190301256092
697,458.85422063615357,119.34190301256092,300.0
698,81.983996779156,60.4250206874361,300.0
699,0.7126523511419192,224.9586796056923,75.6827075103354
700,115.1831970423085,75.6827075103354,103.66487733807767
701,84.46894829789112,66.78492584433758,112.9020049618421
702,4.21635843409267,112.9020049618421,3.7947225906834063
703,668.5415388523878,3.7947225906834063,300.0
704,21.46540333605073,74.35829243373817,244.96057056870748
705,4.318843153643573,165.8240772722818,83.02345213470488
706,391.93831553885167,83.02345213470488,300.0
707,8.842354625258624,97.63173975609627,210.3263794066365
708,1.5251807451368888,210.3263794066365,1.372662670623214
709,259.6789883299609,1.372662670623214,233.7110894969648
710,48.23447395198386,183.51067824200237,93.61143781174792
711,1.9025417546195342,93.61143781174792,1.7122875791575751
712,562.8479861127145,1.7122875791575751,300.0
713,75.76049949727884,4.641467672908616,300.0
714,1.1954770057784032,173.22395237841698,127.8519769267836
715,330.2073849327032,127.8519769267836,297.1866464394329
716,31.106151134076217,97.1180273943964,228.06415506570505
717,0.5711482296105284,221.22464777122934,7.353540701125183
718,253.00236982041667,7.353540701125183,227.702132838375
719,65.47560147768435,106.34497438743995,180.28519978085097
720,2.389037323988649,118.62103181823075,63.81430155421002
721,496.2296839025512,63.81430155421002,300.0
722,69.03349633905442,169.90537720316456,192.22476950198444
723,3.7229998365458945,192.22476950198444,3.350699852891296
724,354.47674938505395,3.350699852891296,300.0
725,68.7567625696577,86.76487422740394,275.116212085288
726,0.7912322599627342,94.0950879487589,181.73323317049554
727,392.15217320750844,87.89332425720181,300.0
728,46.053260947450724,103.70843513325792,237.73949971944774
729,5.105408321960895,46.666276304317186,195.66809090489534
730,812.7556931396299,183.03223220900708,300.0
731,37.93943194230811,117.01192225341555,217.13356649466175
732,2.0140380603649324,217.13356649466175,1.8126342543284295
733,179.76040915019829,1.8126342543284295,161.78436823517845
734,35.23714154507954,109.99531607169999,83.50247955405004
735,0.0,83.50247955405004,0.0
736,53.67728665285146,0.0,48.309557987566315
737,55.00866814029861,48.309557987566315,49.50780132626874
738,2.2017262682322314,49.50780132626874,1.9815536414090076
739,358.093499219565,1.9815536414090076,300.0
740,30.42435173370084,101.95807022100713,225.42384633932363
741,2.132713237613525,134.41611426407675,92.92717398909906
742,639.4558011810986,92.92717398909906,300.0
743,28.387993817135694,88.38807210612103,237.1611223293011
744,3.13884026875402,91.13793433515826,148.84814423602145
745,500.0532334254017,148.84814423602145,300.0
746,20.134504775589768,127.84465781151889,190.2763964865119
747,1.3342962478461402,190.2763964865119,1.200866623061529
748,681.8607226714602,1.200866623061529,300.0
749,50.26912894047668,145.33279210934114,199.90942393708787
750,2.486266791246816,164.91528133273025,37.231782716479756
751,405.15568775153696,37.231782716479756,300.0
752,56.09932688127897,51.67817184615877,298.8112223469923
753,0.17717838629684204,71.08930759282428,227.88137530183513
754,355.6559584400307,133.42302775489324,300.0
755,16.738093355388777,121.18914905522666,193.87513496462321
756,2.8081012864850585,39.60603248398841,156.79639363847136
757,557.194596514379,156.79639363847136,300.0
758,12.888815637492751,79.44992384016771,232.15001023357578
759,1.8878910985425155,132.99454786754347,100.85456435472057
760,197.5744537613337,100.85456435472057,177.8170083852003
761,35.889746293340124,99.07103834577653,111.04674170342987
762,1.2155621986262257,111.04674170342987,1.0940059787636045
763,484.4499055623085,1.0940059787636045,300.0
764,36.369853052481076,79.02989255522151,253.70297519201142
765,1.2021695083032786,191.95450969696284,62.83041805252154
766,219.37863246871976,62.83041805252154,197.44076922184777
767,43.46238029203799,192.0991887407923,44.45772274388966
768,2.1720844094098535,44.45772274388966,1.954875968468869
769,308.1213826958781,1.954875968468869,277.30924442629026
770,29.108269545188964,106.43277508281295,197.07391193414736
771,1.0016324462649857,159.6434974681435,38.33188366764236
772,344.5678949715084,38.33188366764236,300.0
773,58.49576966075903,76.39986708569431,276.2463256089888
774,1.7046992056865007,95.11942158634979,182.66113330775687
775,101.18323848036758,133.53634333816922,140.1897046019185
776,31.017495951385097,65.2058338624925,102.89961709567258
777,0.5101435059050031,102.89961709567258,0.4591291553144998
778,151.87433731954283,0.4591291553144998,136.68690358758857
779,63.41696932862891,136.68690358758857,57.075272395766035
780,0.36396913248102986,57.075272395766035,0.3275722192329269
781,341.9018002839326,0.3275722192329269,300.0
782,40.602538654322174,175.37299764392804,161.1692871449619
783,0.6164010773114678,65.95988103961771,95.76416707492452
784,261.4081905695387,95.76416707492452,235.26737151258487
785,5.6301595811469305,83.10693039749606,157.22758473812107
786,0.5576854882414989,157.22758473812107,0.5019169394173559
787,176.79736570489723,0.5019169394173559,159.1176291344075
788,26.59391354322149,59.74755697035062,123.30459435295623
789,0.08348777468784481,87.46375974719864,35.91597360297665
790,31.861736733474373,35.91597360297665,28.675563060126933
791,24.518303846076183,28.675563060126933,22.06647346146856
792,0.9528071942079527,22.06647346146856,0.8575264747871572
793,516.7376549869613,0.8575264747871572,300.0
794,25.625219131693587,58.04135197361998,265.0213452449043
795,1.5162453373085198,152.25436288939778,114.1316031590842
796,172.98215866865635,114.1316031590842,155.68394280179075
797,12.69874063870527,52.58601804463123,114.52679133199427
798,0.0,114.52679133199427,0.0
799,376.48998267873435,0.0,300.0
800,45.18993219005776,31.706510792551,300.0
801,2.469905927038897,37.1361567116545,265.0867586226805
802,520.4009850152108,265.0867586226805,300.0
803,60.52074755373937,70.60343106854081,283.8652417298246
804,1.3396673965412478,199.2385372155889,85.83240517112284
805,420.147749086835,85.83240517112284,300.0
806,27.838025710054687,113.95003370970231,211.1041894293469
807,0.801172496397265,211.1041894293469,0.721055246757544
808,318.68357684721985,0.721055246757544,286.8152191624979
809,49.0609035150736,112.932862939085,218.03716938697914
810,1.145452407083879,218.03716938697914,1.0309071663754992
811,417.2469678412138,1.0309071663754992,300.0
812,32.70807485266538,150.90421810288893,178.53304926450988
813,0.9588192211641192,133.13351071703926,46.26247584651833
814,422.2726045017459,46.26247584651833,300.0
815,19.65555890663339,59.91388680680875,257.7761162091613
816,0.660499199360666,126.87241880183807,131.49814668674782
817,385.3829495999287,122.34066330025856,300.0
818,23.304414064059564,120.73702690602852,200.23694575162511
819,0.0,76.9107289902294,123.32621676139571
820,387.5985456557747,123.32621676139571,300.0
821,32.48590176468331,124.65165226088071,204.58565932733427
822,0.4820074839661536,185.19255192134548,19.82691414155832
823,346.35810288224934,19.82691414155832,300.0
824,14.485564986306152,42.87820314109114,270.1588053465844
825,0.41406554623358965,237.03204593060175,33.49941840759291
826,459.98346160557924,33.49941840759291,300.0
827,13.193562516832893,95.14803580344375,216.72617046170586
828,0.07005237902719201,143.36503485520535,73.424182747625
829,206.5543251948013,73.424182747625,185.8988926753212
830,15.765476417562436,46.31287630298171,153.77494514814572
831,0.40805020611123805,153.77494514814572,0.36724518550011
832,179.5113041258737,0.36724518550011,161.56017371328633
833,29.83815020385881,153.5191673782453,34.89534151851396
834,0.5094277123204847,34.89534151851396,0.45848494108843596
835,463.6629793566243,0.45848494108843596,300.0
836,31.754567430745304,149.4732486061659,179.10586208150488
837,0.11917945942739157,99.0614725538064,80.15165104118313
838,451.65156355743744,80.15165104118313,300.0
839,11.106470323080108,99.86037800331368,210.1354452874584
840,0.5417290382931873,112.68808469616128,97.93491672576097
841,151.74085436670055,97.93491672576097,136.5667689300305
842,34.397061725853575,87.72629137515105,79.79783310814767
843,0.263984781334506,79.79783310814767,0.23758630320105567
844,180.25772225537798,0.23758630320105567,162.2319500298402
845,16.135427210998387,46.217686773927014,130.53614774581172
846,0.21480056133060266,83.5858144046602,47.14365384634905
847,303.8573521111036,47.14365384634905,273.47161689999325
848,20.7747183603062,117.2491150344103,174.9197483898585
849,0.26514266468006326,174.9197483898585,0.2386283982120574
850,210.9085352107958,0.2386283982120574,189.81768168971624
851,21.72342092694933,111.64222837570072,97.72653214826992
852,0.06433830609864363,73.30299654947878,24.48144007427993
853,16.32262392495906,24.48144007427993,14.690361532463157
854,39.6612606424164,14.690361532463157,35.69513457817476
855,74.70866648139183,11.291333095494382,91.64160131593303
856,74.15284122504978,91.64160131593303,66.73755710254483
857,46.8842855328564,66.73755710254483,42.19585697957076
858,77.91179027516147,42.19585697957076,70.12061124764531
859,66.70343145625444,70.12061124764531,60.03308831062898
860,110.22151064394778,60.03308831062898,99.199359579553
861,99.58003630062612,85.72431003067582,103.09708221944068
862,44.848736093937255,103.09708221944068,40.36386248454353
863,56.9161819169141,40.36386248454353,51.224563725222694
864,81.53688899617012,51.224563725222694,73.38320009655311
865,98.32694788702862,73.38320009655311,88.49425309832574
866,51.45942005228341,88.49425309832574,46.31347804705507
867,37.397927083499816,46.31347804705507,33.65813437514984
868,87.68148327841385,33.65813437514984,78.91333495057246
869,55.38269121219071,78.91333495057246,49.844422090971634
870,64.89579058067588,49.844422090971634,58.4062115226083
871,97.14937741005897,58.4062115226083,87.43443966905308
872,36.233772276091976,87.43443966905308,32.61039504848277
873,99.2026527803123,32.61039504848277,89.28238750228108
874,72.67466790570126,89.28238750228108,65.40720111513112
875,51.64318855423461,65.40720111513112,46.47886969881115
876,62.47019116755319,46.47886969881115,56.22317205079787
877,66.76111804911261,56.22317205079787,60.08500624420135
878,37.845262112814744,60.08500624420135,34.06073590153328
879,38.772471506514805,34.06073590153328,34.895224355863334
880,21.159108914171036,34.895224355863334,19.043198022753934
881,72.65103562083522,19.043198022753934,65.3859320587517
882,87.45291440715538,65.3859320587517,78.70762296643986
883,238.25828877545234,78.70762296643986,214.43245989790708
884,18.467125726145184,90.72096158208073,140.331911469357
885,0.0,140.331911469357,0.0
886,185.38844770234076,0.0,166.84960293210668
887,6.2568793955566075,58.20531018692668,114.27548420118094
888,0.0,114.27548420118094,0.0
889,289.15297905288077,0.0,260.2376811475927
890,18.80413469235101,112.33627901710823,164.82512335360042
891,0.0,164.82512335360042,0.0
892,88.23094113332945,0.0,79.40784701999651
893,8.924867975194768,79.40784701999651,8.03238117767529
894,0.0,8.03238117767529,0.0
895,134.07890982091016,0.0,120.67101883881914
896,20.549269536834846,79.5838020494514,59.58155937251908
897,5.665537276627888,59.58155937251908,5.098983548965094
898,160.96626742457707,5.098983548965094,144.86964068211935
899,4.238293881915634,60.679246267589484,88.00485890825394
900,0.8193010540915682,88.00485890825394,0.7373709486824112
901,152.96585993897457,0.7373709486824112,137.66927394507712
902,2.4653712829389907,54.93695408539063,84.95115401433159
903,3.0111824387835147,84.95115401433159,2.710064194905158
904,151.7078613033566,2.710064194905158,136.53707517302095
905,4.229600575451993,93.8328087293433,46.51090696158445
906,0.0952942965838356,37.260158280397235,9.33651354811267
907,22.45346998039553,9.33651354811267,20.208122982355977
908,20.34551509307242,20.208122982355977,18.310963583765183
909,29.94814329609607,18.310963583765183,26.953328966486463
910,7.6380285964179455,26.953328966486463,6.87422573677615
911,0.0,6.87422573677615,0.0
912,0.0,0.0,0.0
913,0.0,0.0,0.0
914,0.0,0.0,0.0
915,0.0,0.0,0.0
916,0.0,0.0,0.0
917,0.0,0.0,0.0
918,0.0,0.0,0.0
919,0.0,0.0,0.0
920,0.0,0.0,0.0
921,0.0,0.0,0.0
922,0.0,0.0,0.0
923,0.0,0.0,0.0
924,0.0,0.0,0.0
925,0.0,0.0,0.0
926,0.0,0.0,0.0
927,0.0,0.0,0.0
928,0.0,0.0,0.0
929,0.0,0.0,0.0
930,0.0,0.0,0.0
931,202.54556074338964,0.0,182.2910046690507
932,4.90093097686034,58.02099816101778,128.6808443872072
933,1.9753122609303784,110.13784637764707,20.320779044397483
934,237.3351217146266,20.320779044397483,213.60160954316396
935,8.08259122775823,65.73512313177001,155.14081851637638
936,0.0,155.14081851637638,0.0
937,144.55400875285977,0.0,130.0986078775738
938,11.282326040645316,85.93941170590178,54.313289608252816
939,1.4727283436836527,54.313289608252816,1.3254555093152902
940,48.681999165391254,1.3254555093152902,43.81379924885213
941,2.4853168258786233,43.81379924885213,2.23678514329076
942,0.7403591685327311,2.23678514329076,0.6663232516794579
943,182.25533350494757,0.6663232516794579,164.02980015445286
944,3.703330414094821,132.30733811406154,35.05545941307665
945,1.3449913374931646,35.05545941307665,1.210492203743847
946,181.27898700401306,1.210492203743847,163.15108830361177
947,1.8193307056803543,91.04691861443722,73.74156732428686
948,0.42487775088964463,70.2043675047102,3.919589795377334
949,121.53251269977888,3.919589795377334,109.37926142980099
950,6.962908480739945,49.2475692592166,66.39830980325036
951,0.6439729304662174,66.39830980325036,0.5795756374195946
952,149.6954413246019,0.5795756374195946,134.7258971921417
953,6.313827648623659,79.29972255699691,61.10861951890608
954,2.057424606972573,61.10861951890608,1.8516821462753157
955,158.6416801974135,1.8516821462753157,142.77751217767215
956,3.6687876071489356,87.3810277838428,58.698393240263385
957,0.7919699935517047,58.698393240263385,0.7127729941965342
958,282.5989395379283,0.7127729941965342,254.33904558413548
959,5.067072982418455,83.7722344637123,175.12717680459977
960,0.587543609643716,175.12717680459977,0.5287892486793453
961,57.515791806671004,0.5287892486793453,51.7642126260039
962,3.159167991274768,51.7642126260039,2.8432511921472923
963,0.8588173400399401,2.8432511921472923,0.7729356060359462
964,323.28614715342405,0.7729356060359462,290.95753243808167
965,6.1854579437782915,151.27595936077373,145.24848522670842
966,0.2670528671493263,130.88558022902373,14.603252578119083
967,73.76309467567211,14.603252578119083,66.3867852081049
968,1.0297347055915353,54.83024723423122,12.483299208906061
969,0.7087570046436868,12.483299208906061,0.6378813041793183
970,204.75882324528018,0.6378813041793183,184.28294092075217
971,1.8925640492506872,107.91121822786054,78.07503033721723
972,0.431432390681344,78.07503033721723,0.38828915161320765
973,227.22194489279815,0.38828915161320765,204.49975040351833
974,3.5151704401750994,119.82021520851282,87.84318859116311
975,0.11734951588666302,87.84318859116311,0.1056145642979942
976,114.36944198409996,0.1056145642979942,102.93249778568997
977,7.694290678666149,66.01896157683123,43.83839781965828
978,0.9268624096173609,43.83839781965828,0.8341761686556239
979,244.71002592443378,0.8341761686556239,220.2390233319904
980,6.629428409262175,61.17881674488919,165.0266921554372
981,0.5868033152348945,144.50942326337565,21.045391875772935
982,55.707245479735384,21.045391875772935,50.13652093176185
983,1.599702193266495,50.13652093176185,1.4397319739398426
984,0.22445963205835892,1.4397319739398426,0.20201366885252314
985,105.3868184151755,0.20201366885252314,94.84813657365795
986,3.0361615562161863,75.917407032347,21.663274941905527
987,0.22762447846259304,21.663274941905527,0.2048620306163329
988,155.62711941846337,0.2048620306163329,140.06440747661702
989,1.2127328742309984,140.06440747661702,1.0914595868079005
990,0.13724885006642457,1.0914595868079005,0.12352396505978214
991,60.0996366930366,0.12352396505978214,54.08967302373294
992,2.2111908770323003,47.936983680655466,8.142761132406548
993,0.040330411035732615,8.142761132406548,0.03629736993215893
994,28.462414492915592,0.03629736993215893,25.616173043624038
995,0.20803718846696317,25.616173043624038,0.1872334696202671
996,0.11960555952489384,0.1872334696202671,0.10764500357240447
997,88.37749524815169,0.10764500357240447,79.53974572333652
998,0.6849924431605205,75.46559817454647,4.690640747634518
999,0.0,4.690640747634518,0.0
1000,93.42595883254052,0.0,84.08336294928647
1001,7.69478136306941,74.9281074685866,16.08055870746233
1002,0.0,16.08055870746233,0.0
1003,155.89119844484227,0.0,140.30207860035804
1004,2.504295160540827,120.98415833720347,21.571785907641328
1005,0.25677282444124044,21.571785907641328,0.23109554199711724
1006,130.94522832713324,0.23109554199711724,117.85070549441991
1007,4.025831422151568,65.75484556426268,55.71910821009364
1008,0.36365888441066446,55.71910821009364,0.32729299596960004
1009,35.392091230662,0.32729299596960004,31.852882107595796
1010,3.2289299707903325,31.852882107595796,2.906036973711302
1011,0.18922168284584479,2.906036973711302,0.17029951456126025
1012,166.11939325866496,0.17029951456126025,149.50745393279846
1013,1.1955466243773276,149.50745393279846,1.075991961939593
1014,0.31336540165407634,1.075991961939593,0.2820288614886688
1015,106.78325883624211,0.2820288614886688,96.1049329526179
1016,1.7403145845427788,96.1049329526179,1.566283126088507
1017,0.10142714523493021,1.566283126088507,0.0912844307114371
1018,169.00053018500753,0.0912844307114371,152.10047716650678
1019,3.568201298335762,11.897603174093307,143.41425516091564
1020,0.2885166840996478,120.47417720499337,23.199742971611954
1021,95.14805257103508,23.199742971611954,85.63324731393158
1022,3.4629961733843646,83.41751576361227,5.332428106365228
1023,0.09052532083380589,5.332428106365228,0.08147278875042563
1024,2.7373389800494743,0.08147278875042563,2.463605082044527
1025,0.0,2.463605082044527,0.0
1026,0.0,0.0,0.0
1027,132.932262056744,0.0,119.63903585106961
1028,2.0817268776075792,119.63903585106961,1.8735541898468142
1029,0.42182866151423415,1.8735541898468142,0.37964579536281073
1030,197.88327329608896,0.37964579536281073,178.09494596648005
1031,3.015531657278454,141.08660152860938,39.722322929421296
1032,0.0,39.722322929421296,0.0
1033,77.83554237436303,0.0,70.05198813692672
1034,5.571011528297952,21.943850485130266,53.12204802726461
1035,0.028584616957484633,53.12204802726461,0.025726155261736494
1036,45.90750315092564,0.025726155261736494,41.31675283583308
1037,0.028974701825412154,21.3956264239483,19.94720364352765
1038,0.0,19.94720364352765,0.0
1039,74.55172518985064,0.0,67.09655267086558
1040,3.6002458578930177,67.09655267086558,3.2402212721037102
1041,0.06117998618335532,3.2402212721037102,0.05506198756501979
1042,94.39110778048703,0.05506198756501979,84.95199700243833
1043,1.785117050077478,84.95199700243833,1.606605345069724
1044,0.0,1.606605345069724,0.0
1045,0.0,0.0,0.0
1046,0.0,0.0,0.0
1047,0.0,0.0,0.0
1048,14.129546126924485,0.0,12.716591514232036
1049,2.425609635364768,12.716591514232036,2.183048671828292
1050,0.024566958035554847,2.183048671828292,0.0221102622319993
1051,181.10746803142442,0.0221102622319993,162.99672122828198
1052,2.6908588670105527,162.99672122828198,2.4217729803094983
1053,0.0,2.4217729803094983,0.0
1054,73.49955565311804,0.0,66.14960008780623
1055,0.564652984264171,66.14960008780623,0.5081876858377541
1056,0.0,0.5081876858377541,0.0
1057,7.301829159053951,0.0,6.571646243148556
1058,0.0,6.571646243148556,0.0
1059,0.0,0.0,0.0
1060,24.25027939874281,0.0,21.82525145886853
1061,0.2038456763586789,21.82525145886853,0.18346110872280974
1062,0.0,0.18346110872280974,0.0
1063,161.82984700534158,0.0,145.64686230480743
1064,3.488270057223046,48.45172753826845,100.33457781803972
1065,0.0,90.18457633522361,10.150001482816108
1066,123.80857053124232,10.150001482816108,111.4277134781181
1067,2.4890329273730782,54.760361534398626,58.90748157835523
1068,0.0,58.90748157835523,0.0
1069,86.87906028161869,0.0,78.19115425345683
1070,0.8635957461977178,70.31723684602005,8.651153579014718
1071,0.0,8.651153579014718,0.0
1072,74.51653105959393,0.0,67.06487795363454
1073,2.443466945080884,67.06487795363454,2.19912025057279
1074,0.0,2.19912025057279,0.0
1075,121.5394362239857,0.0,109.38549260158713
1076,4.4422757116162535,55.64077573624123,57.74276500580053
1077,0.0,57.74276500580053,0.0
1078,60.73153008447209,0.0,54.658377076024884
1079,3.786706355704561,54.658377076024884,3.4080357201341016
1080,0.0,3.4080357201341016,0.0
1081,101.41201419828542,0.0,91.27081277845689
1082,4.583417098399324,91.27081277845689,4.125075388559395
1083,0.0,4.125075388559395,0.0
1084,118.97132203936835,0.0,107.07418983543151
1085,3.217914540610546,100.5105701682948,9.4597427536862
1086,0.0,9.4597427536862,0.0
1087,166.46490310162946,0.0,149.81841279146653
1088,4.0100454946583195,83.03357177830833,70.39388195835068
1089,0.0,70.39388195835068,0.0
1090,58.78787446721237,0.0,52.909087020491135
1091,4.825263327409609,52.909087020491135,4.342736994668648
1092,0.0,4.342736994668648,0.0
1093,232.0246836823503,0.0,208.82221531411525
1094,6.1834996569741145,72.07593378554037,142.31143121985158
1095,0.0,27.050954167519247,115.26047705233233
1096,0.0,115.26047705233233,0.0
1097,0.0,0.0,0.0
