Time,P_grid,P_charge,P_discharge,Battery_SoC,Cost
0,1247.55431536335,0.0,450.0,450.0,124.75543153633501
1,1606.23629480089,0.0,219.230769230769,219.230769230769,160.623629480089
2,1252.03735038762,0.0,106.804733727811,106.804733727811,125.20373503876202
3,797.392275100465,0.0,52.0330754058565,52.0330754058565,79.7392275100465
4,1276.35747044884,0.0,25.3494469925968,25.3494469925968,127.63574704488401
5,1626.30065544786,0.0,12.3497305861369,12.3497305861369,162.63006554478602
6,843.625936549012,0.0,6.01653541375899,6.01653541375899,84.3625936549012
7,1517.87451013181,0.0,2.93113263747233,2.93113263747233,151.787451013181
8,1447.6692627713,0.0,1.42798769517883,1.42798769517883,144.76692627713
9,1648.41095719255,0.0,0.695686313035839,0.695686313035839,164.841095719255
10,1966.84001163574,0.0,0.338924101222588,0.338924101222588,196.684001163574
11,2119.85857203592,0.0,0.165116869826389,0.165116869826389,211.98585720359202
12,1596.03242712812,0.0,0.0804415519667025,0.0804415519667025,159.603242712812
13,1465.31587547277,0.0,0.0391894740350602,0.0391894740350602,146.53158754727698
14,2261.92158217696,0.0,0.0190923078632345,0.0190923078632345,226.192158217696
15,840.906418043305,0.0,0.00930138075388345,0.00930138075388345,84.09064180433052
16,1612.94347749374,0.0,0.00453144190573809,0.00453144190573809,161.294347749374
17,1766.58002115064,0.0,0.00220762554382112,0.00220762554382112,176.65800211506402
18,833.657049316304,0.0,0.00107550988032311,0.00107550988032311,83.3657049316304
19,1550.74278491563,0.0,0.000523966351952285,0.000523966351952285,155.074278491563
20,2154.97843635566,0.0,0.000255265658643421,0.000255265658643421,215.49784363556603
21,1023.16916846393,0.0,0.000124360192672436,0.000124360192672436,102.316916846393
22,1284.85737479214,0.0,6.05857348916995e-05,6.05857348916995e-05,128.485737479214
23,1952.22868665028,0.0,2.95161272549305e-05,2.95161272549305e-05,195.22286866502802
24,920.505740226452,0.0,1.43796517395815e-05,1.43796517395815e-05,92.05057402264521
25,1330.39571231254,0.0,7.00547136030896e-06,7.00547136030896e-06,133.039571231254
26,1995.14313242642,0.0,3.4129219447659e-06,3.4129219447659e-06,199.514313242642
27,879.207098685241,0.0,1.66270556283467e-06,1.66270556283467e-06,87.92070986852411
28,1288.73386026457,371.609422985878,1.66270556283467e-06,353.028951749073,128.873386026457
29,1461.97614147402,12.2636875768719,177.664349846024,177.664349846024,146.19761414740202
30,964.223900820145,0.0,86.5544268480629,86.5544268480629,96.4223900820145
31,769.418162299066,377.839713807615,86.5544268480629,354.392231967336,76.9418162299066
32,2100.66248170064,12.8965613623756,178.621418973596,178.621418973596,210.066248170064
33,827.661396130922,0.0,87.020691294829,87.020691294829,82.76613961309221
34,916.702971053936,381.130657492234,87.020691294829,357.494088233684,91.67029710539362
35,1401.20824365853,13.3606688050783,180.347378163376,180.347378163376,140.120824365853
36,1026.79934746618,0.0,87.8615432077985,87.8615432077985,102.67993474661802
37,1415.41797747644,385.392007647959,87.8615432077985,361.498115517782,141.541797747644
38,2436.49472506039,13.6700737668802,182.441257085386,182.441257085386,243.64947250603902
39,1252.81610918908,0.0,88.8816380672392,88.8816380672392,125.281610918908
40,1050.718633646,386.531180461866,88.8816380672392,362.526640487865,105.0718633646
41,2029.15665992132,14.0919896238826,183.137604666167,183.137604666167,202.915665992132
42,786.966771231801,0.0,89.2208843245429,89.2208843245429,78.69667712318011
43,1663.2467865546,420.439151502964,89.2208843245429,394.721357910735,166.32467865546002
44,2153.22155241485,17.7204659941039,200.501543884552,200.501543884552,215.322155241485
45,707.120531675081,0.0,97.6802393283716,97.6802393283716,70.7120531675081
46,1387.41550909633,219.579075845987,97.6802393283716,203.459056825879,138.741550909633
47,1761.14345209883,9.69000084915682,103.605810128692,103.605810128692,176.11434520988303
48,777.032295561384,0.0,50.4746254473113,50.4746254473113,77.70322955613841
49,1587.87051007278,435.726569388354,50.4746254473113,411.283681684867,158.78705100727802
50,1977.52579995611,15.5827589852914,207.580993633256,207.580993633256,197.752579995611
51,881.517538659566,0.0,101.129202026458,101.129202026458,88.15175386595661
52,1367.39843605694,229.733184137847,101.129202026458,212.923935350614,136.739843605694
53,1988.90394973074,6.86316460724023,106.908586995445,106.908586995445,198.890394973074
54,751.762781879245,0.0,52.0836705875245,52.0836705875245,75.17627818792451
55,1230.08760361665,174.560653903823,52.0836705875245,163.091375388236,123.00876036166501
56,1876.15458829628,9.71812857295698,83.9525218748297,83.9525218748297,187.615458829628
57,980.142307859743,0.0,40.8999465544042,40.8999465544042,98.0142307859743
58,1784.59483925647,447.498021798723,40.8999465544042,422.970491942765,178.45948392564702
59,2067.9288289862,19.9566200362171,215.298880476058,215.298880476058,206.79288289862004
60,821.767986959168,0.112510895200683,104.941270530858,104.941270530858,82.1767986959168
61,1280.41067873084,462.025991141508,104.941270530858,433.401466819651,128.041067873084
62,2230.24615555084,18.9018303937108,219.892459184098,219.892459184098,223.02461555508398
63,770.990550279294,0.0,107.127095499945,107.127095499945,77.09905502792941
64,1305.63854321076,311.528604948726,107.127095499945,290.313906517082,130.563854321076
65,2017.52680199536,21.2364314691245,151.263636201084,151.263636201084,201.75268019953603
66,826.079665595622,0.0,73.6925407133484,73.6925407133484,82.60796655956221
67,1094.96283215437,184.363165648181,73.6925407133484,171.266452591385,109.49628321543702
68,1907.68744920255,8.08672059254741,87.1802027161998,87.1802027161998,190.76874492025502
69,1183.49354143807,0.0,42.472406451482,42.472406451482,118.349354143807
70,1578.7281946092,368.937289224862,42.472406451482,348.255034950383,157.87281946092003
71,1406.65503949625,20.7301324407216,179.257039861854,179.257039861854,140.66550394962502
72,908.967338711889,0.182830204701107,87.4149703223098,87.4149703223098,90.89673387118891
73,899.744736143732,487.98788020906,87.4149703223098,458.987698286907,89.97447361437321
74,1576.56247235623,18.7752556366101,232.29896491518,232.29896491518,157.65624723562303
75,713.564259700778,0.154702480900943,113.242890081248,113.242890081248,71.35642597007781
76,879.672364853072,501.953295075842,113.242890081248,470.895478212511,87.96723648530721
77,1232.27253894062,21.306750778625,239.271818912612,239.271818912612,123.22725389406202
78,574.847447861404,0.182830204701107,116.652939603448,116.652939603448,57.4847447861404
79,1064.7440236256,593.410589012078,116.652939603448,557.600431161293,106.47440236256
80,1709.05563399517,24.878971701246,283.165990545437,283.165990545437,170.905563399517
81,1041.34345898918,0.0,137.952662060598,137.952662060598,104.134345898918
82,1615.52904434844,396.361819930023,137.952662060598,369.28306250928,161.552904434844
83,1918.1217635726,24.217970191942,191.115706401048,191.115706401048,191.81217635726
84,620.764536620059,0.0703193095004532,93.1401970552922,93.1401970552922,62.076453662005896
85,1141.72749419477,226.512559762728,93.1401970552922,210.284816140102,114.17274941947701
86,1710.50679299503,32.2203076130889,117.358668181492,117.358668181492,171.05067929950303
87,793.051346358337,0.0,57.174735780727,57.174735780727,79.30513463583371
88,1148.61700593411,204.572935198599,57.174735780727,191.335091818631,114.861700593411
89,1752.53594969523,3.20656051321881,94.6985938927586,94.6985938927586,175.25359496952302
90,732.563870422231,0.0,46.1352124092927,46.1352124092927,73.25638704222311
91,1940.70393546896,115.478370061577,46.1352124092927,107.276282484325,194.070393546896
92,2026.40376580764,3.37532685601978,53.824974793675,53.824974793675,202.640376580764
93,933.407328755771,0.0,26.2224236174314,26.2224236174314,93.3407328755771
94,1223.38122703143,502.347083209044,26.2224236174314,475.84960148978,122.338122703143
95,1546.69461054856,46.4669997178724,253.330045467011,253.330045467011,154.66946105485601
96,700.563380472391,0.646937647403816,123.716617651509,123.716617651509,70.05633804723911
97,688.642995552116,646.065687965987,123.716617651509,607.251002638661,68.8642995552116
98,1449.65028801219,25.8775058961518,307.816872604105,307.816872604105,144.965028801219
99,1469.83104375203,1.22355598530721,150.528352949046,150.528352949046,146.983104375203
100,1079.9731892924,682.4770264253,150.528352949046,640.43063021198,107.99731892924001
101,2246.95463080819,24.893035563146,323.525673485703,323.525673485703,224.695463080819
102,1396.08587002293,0.84383171400496,158.005614324773,158.005614324773,139.608587002293
103,776.261043487994,649.862930679009,158.005614324773,609.053699180597,77.6261043487994
104,1892.4059223004,31.2920927276834,311.201091235026,311.201091235026,189.24059223004002
105,574.217550208624,0.871959437805153,152.014348751741,152.014348751741,57.4217550208624
106,681.723277571637,611.679545620285,152.014348751741,573.094813141811,68.1723277571637
107,1627.02104885051,24.2460979157422,290.421628642912,290.421628642912,162.702104885051
108,571.745467250587,0.97040647110574,141.936584128687,141.936584128687,57.174546725058704
109,645.931859653137,662.872002936585,141.936584128687,622.258056256667,64.59318596531371
110,1205.14723434268,42.5572461096494,322.847727209124,322.847727209124,120.51472343426799
111,685.406276714898,0.703193095004143,157.610242367646,157.610242367646,68.5406276714898
112,859.979769806905,534.398624479332,157.610242367646,499.383417341279,85.99797698069051
113,1156.51131713033,39.0412806346289,261.358462690753,261.358462690753,115.65113171303301
114,704.160509574605,0.0,127.3284818237,127.3284818237,70.41605095746051
115,734.418807757025,420.973578255167,127.3284818237,393.223400299056,73.4418807757025
116,1422.88083798033,22.1365186307299,201.815609409404,201.815609409404,142.288083798033
117,602.856615824047,2.47523969441455,99.4660168016116,99.4660168016116,60.28566158240471
118,581.036118780577,493.304020007291,99.4660168016116,463.403765491052,58.103611878057706
119,1078.62641548043,21.7989859451278,235.849826683065,235.849826683065,107.86264154804302
120,598.495509830895,0.0,114.901197614827,114.901197614827,59.8495509830895
121,875.179912067358,646.178198861187,114.901197614827,607.821857464716,87.51799120673581
122,1809.21693660214,39.8147930391334,314.545443748358,314.545443748358,180.92169366021403
123,1118.15025358518,1.5470248090091,153.956082795421,153.956082795421,111.81502535851801
124,1083.48156610554,712.854968129478,153.956082795421,669.10926799693,108.348156610554
125,1609.90644359311,28.9293639284696,339.365413098732,339.365413098732,160.990644359311
126,788.045322172563,1.5470248090091,166.047862735347,166.047862735347,78.80453221725631
127,557.22646386863,724.767059158848,166.047862735347,679.789345004309,55.722646386863005
128,1260.91218013321,28.9153000665695,344.562018494447,344.562018494447,126.09121801332101
129,649.414643299905,1.70172728990999,168.651141768651,168.651141768651,64.94146432999051
130,571.87787873385,719.92909066522,168.651141768651,675.056260249398,57.187787873385005
131,1609.5989019231,28.7465337237686,342.178048165451,342.178048165451,160.95989019231
132,697.90769303461,1.98300452791171,167.619901201856,167.619901201856,69.790769303461
133,989.184963026911,733.500717398799,167.619901201856,688.003581465604,98.9184963026911
134,1444.03189114081,30.0544728804763,349.091058547156,349.091058547156,144.40318911408102
135,726.02494831657,3.50190161312056,171.690754782379,171.690754782379,72.602494831657
136,350.172082185008,763.583318003076,171.690754782379,716.36779658806,35.0172082185008
137,1593.77443402325,45.8763175180689,370.232196573699,370.232196573699,159.377443402325
138,840.01666161555,2.08145156121227,181.332870143081,181.332870143081,84.00166616155501
139,289.057025701669,753.021357716114,181.332870143081,705.826454559619,28.9057025701669
140,1324.21439202507,38.914705877528,361.874694300568,361.874694300568,132.421439202507
141,632.277805477978,3.50190161312059,177.918679893016,177.918679893016,63.2277805477978
142,687.846123775648,815.985267442783,177.918679893016,765.821863023643,68.78461237756481
143,1393.24983328116,34.7799304789039,389.189567758806,389.189567758806,139.324983328116
144,1269.72683170963,0.562554476003386,189.865535787415,189.865535787415,126.97268317096301
145,1672.50701278677,489.68960749897,189.865535787415,455.212204187842,167.250701278677
146,2076.33745375582,42.8525872095513,241.603104582087,241.603104582087,207.63374537558204
147,882.172377750824,2.99560258471759,119.090502915739,119.090502915739,88.21723777508241
148,382.059216169339,819.698126984404,119.090502915739,772.445299429093,38.2059216169339
149,1600.78398457356,33.5563744935967,391.850083301594,391.850083301594,160.078398457356
150,1482.57603864827,5.8224388266342,193.596066757719,193.596066757719,148.25760386482702
151,951.163065816048,808.967400354642,193.596066757719,758.329763665451,95.1163065816048
152,2002.91376332074,65.6079157638846,399.807394594402,399.807394594402,200.291376332074
153,668.40114681635,3.20656051321886,196.262023450186,196.262023450186,66.840114681635
154,692.601125285147,769.39169296781,196.262023450186,720.59252813783,69.2601125285147
155,2092.65906809658,57.2258540714355,377.543197451492,377.543197451492,209.26590680965802
156,1610.32660219372,6.86316460724027,187.107714685616,187.107714685616,161.03266021937202
157,818.121975201043,866.319829183178,187.107714685616,813.156063266881,81.8121975201043
158,1938.84714042579,65.7344905209856,426.576224512167,426.576224512167,193.88471404257902
159,547.975467239224,4.06445608912385,209.700299952304,209.700299952304,54.79754672392241
160,211.488240345649,843.986416485847,209.700299952304,790.750237769328,21.1488240345649
161,901.575244002621,46.7764046796743,406.886374925265,406.886374925265,90.1575244002621
162,514.714858828649,3.61441250832121,199.899519727057,199.899519727057,51.4714858828649
163,154.840982807553,827.784847576952,199.899519727057,775.874577844049,15.4840982807553
164,659.106323412225,47.0154903319756,399.749912295618,399.749912295618,65.91063234122251
165,468.161254514049,4.00820064152353,196.605034748621,196.605034748621,46.8161254514049
166,0.0,868.738813429992,149.085413967377,864.974892804612,0.0
167,622.773294298176,44.6527615327619,442.064238691128,442.064238691128,62.2773294298176
168,544.757303125036,4.48637194612633,217.441014070744,217.441014070744,54.4757303125036
169,0.0,900.298119533777,93.3593202987821,974.451258892272,0.0
170,570.414889561306,49.7720072643918,497.768170514755,497.768170514755,57.04148895613061
171,370.953840755987,6.25841854553671,245.39896652634,245.39896652634,37.0953840755987
172,470.437500593828,543.174474304984,245.39896652634,503.100015509401,47.0437500593828
173,890.290381780647,59.2932417707476,272.54213611899,272.54213611899,89.0290381780647
174,572.190417841537,7.34133591184305,136.174658960758,136.174658960758,57.21904178415371
175,0.0,873.815867575922,124.906094336611,834.819633856188,0.0
176,561.939697693958,57.7884085474388,433.452661988432,433.452661988432,56.19396976939581
177,437.232370351611,4.00820064152353,213.024323060505,213.024323060505,43.723237035161105
178,31.9339497213428,805.549881912921,213.024323060505,754.060581340407,3.1933949721342803
179,885.157376512704,49.800134988192,390.411371333451,390.411371333451,88.5157376512704
180,544.914428340107,9.73219243485708,194.70466996884,194.70466996884,54.4914428340107
181,199.36975115525,698.594212162795,194.70466996884,653.416887345768,19.936975115525
182,987.036177173721,52.8238652967097,342.779272517313,342.779272517313,98.7036177173721
183,567.079235344051,7.22882501664242,170.340678702034,170.340678702034,56.7079235344051
184,358.723391100776,655.17907047724,170.340678702034,613.454818074324,35.8723391100776
185,1101.76830615483,49.5891770596907,321.813492034348,321.813492034348,110.17683061548301
186,493.320503558237,5.45677841723198,159.306441002145,159.306441002145,49.332050355823704
187,0.0,917.84981918508,149.199631457978,874.211525587994,0.0
188,1321.65468229042,48.6187705885851,448.399687058868,448.399687058868,132.165468229042
189,642.04638823663,8.17110376394794,222.232884027122,222.232884027122,64.204638823663
190,646.989816450289,356.51889916709,222.232884027122,326.99648662836,64.69898164502891
191,2187.34872896848,30.363877842278,173.359006179281,173.359006179281,218.734872896848
192,897.87148296894,1.06885350440627,84.9516390554071,84.9516390554071,89.787148296894
193,389.256790738013,706.076186693639,50.3600409493272,702.713446994019,38.925679073801305
194,866.166953367198,80.009310349569,379.377526787079,379.377526787079,86.6166953367198
195,858.704948994955,7.59448542604452,0.0,386.592287941821,85.8704948994955
196,638.49349237671,428.357105752711,386.592287941821,386.592287941821,63.84934923767101
197,1466.67374759852,63.2029953789705,217.591475320129,217.591475320129,146.667374759852
198,782.74378071741,6.75065371203959,109.130444373968,109.130444373968,78.27437807174101
199,0.0,1058.67758694593,109.130444373968,1000.0,0.0
200,1049.55864252179,76.591791907849,522.62773958812,522.62773958812,104.95586425217901
201,791.560684186625,6.62407895493887,26.7841608674435,500.726761050634,79.15606841866251
202,0.0,1080.37267374242,500.726761050634,1000.0,0.0
203,491.380571890426,56.6070441478319,513.37838838124,513.37838838124,49.1380571890426
204,456.653060542595,4.21915857002474,252.060133113654,252.060133113654,45.6653060542595
205,684.182389363794,998.942046900955,252.060133113654,935.728621760452,68.4182389363794
206,1268.06914685192,111.357658524853,507.406398713389,507.406398713389,126.80691468519201
207,1482.89941231445,10.0697251204591,48.4147625209617,466.009729661024,148.289941231445
208,0.0,1078.449292502,466.009729661024,1000.0,0.0
209,1487.26580052149,54.6802950675204,320.876835507114,714.181190306656,148.72658005214902
210,873.55863552544,12.7277950195746,0.0,726.272595575252,87.35586355254401
211,156.935250557292,804.734177922717,726.272595575252,726.272595575252,15.6935250557292
212,1247.10208322423,80.3890346208712,391.030804893244,391.030804893244,124.710208322423
213,631.328048963528,8.63521120665065,194.498739878248,194.498739878248,63.1328048963528
214,0.0,878.703838140772,27.8040168063822,1000.0,0.0
215,1094.81654241476,68.5472629010019,518.904566547771,518.904566547771,109.48165424147601
216,518.450536978362,7.73512404504542,256.379634703096,256.379634703096,51.84505369783621
217,0.0,1066.83543682566,256.379634703096,1000.0,0.0
218,774.652492737195,78.996712292763,523.740786073958,523.740786073958,77.46524927371951
219,542.929051850628,9.12744637315355,259.380136985657,259.380136985657,54.2929051850628
220,0.0,1067.00166963909,259.380136985657,1000.0,0.0
221,1065.83948085952,64.2437211595765,516.912799152061,516.91279915206,106.58394808595202
222,677.145049485933,13.2622217717778,257.967340688968,257.967340688968,67.7145049485933
223,0.0,781.087009801087,0.0,1000.0,0.0
224,939.51522401226,67.7315589107969,518.527042008715,518.527042008715,93.951522401226
225,491.749431718279,7.91795424974644,256.280330060859,256.280330060859,49.174943171827906
226,862.011146630084,710.042195749462,0.0,930.820416022848,86.20111466300841
227,1197.59148584476,70.3333733623123,444.094672821522,530.169044062811,119.75914858447601
228,950.298621696559,11.2932811057662,0.0,540.897661113289,95.02986216965591
229,0.0,1082.59820837193,540.897661113289,1000.0,0.0
230,1459.77305153161,76.6902389411495,522.673302894558,522.673302894558,145.977305153161
231,537.187633209607,8.90242458275219,258.755936377315,258.755936377315,53.718763320960704
232,0.0,907.009535142619,114.394245024663,1000.0,0.0
233,1576.38333399712,69.8130104720093,519.490380487686,519.490380487686,157.638333399712
234,685.978843248872,8.95868003035251,206.428342098104,310.708134834306,68.5978843248872
235,0.0,1069.8453260296,310.708134834306,1000.0,0.0
236,1555.96515078501,71.0365664573163,520.056667296271,520.056667296271,155.59651507850103
237,648.039072458006,11.2510895200659,211.756239159333,307.843897962088,64.8039072458006
238,0.0,1069.68664254638,307.843897962088,1000.0,0.0
239,1305.35723182441,75.2838527511413,522.022398516874,522.022398516874,130.53572318244102
240,742.942315609045,11.0401315915647,259.428203770471,259.428203770471,74.29423156090449
241,0.0,1067.00433261886,259.428203770471,1000.0,0.0
242,1158.87851926037,79.306117254565,523.883985037049,523.883985037049,115.887851926037
243,831.056733208213,12.3761984720726,260.953489695509,260.953489695509,83.10567332082131
244,0.0,777.943695057359,0.0,1000.0,0.0
245,1126.26114324995,81.7532292251793,381.26175589228,676.337403666784,112.626114324995
246,658.619643742047,18.1705095749065,0.0,693.599387762945,65.8619643742047
247,0.0,1091.0581378262,693.599387762945,1000.0,0.0
248,1712.2039732519,83.0330406580867,525.608881637909,525.608881637909,171.22039732519
249,1311.91187455322,13.0934554289767,201.192820041818,326.265748461944,131.19118745532202
250,0.0,1070.7072436821,326.265748461944,1000.0,0.0
251,1856.08415625787,70.2771179147119,519.705178932322,519.705178932322,185.60841562578702
252,701.799755583599,11.9120910293698,213.002916489579,306.808069105403,70.1799755583599
253,0.0,1069.62925590612,306.808069105403,1000.0,0.0
254,788.867378558367,81.6407183299785,524.964486304003,524.964486304003,78.88673785583671
255,720.467525822097,12.3761984720727,261.47988774864,261.47988774864,72.04675258220969
256,0.0,777.389591843537,0.0,1000.0,0.0
257,1619.74551760011,81.8938678441799,390.122393247857,667.144023664753,161.974551760011
258,1139.30099504704,12.4324539196728,0.0,678.954854888442,113.930099504704
259,0.0,1090.24680636501,678.954854888442,1000.0,0.0
260,998.542737048473,81.5985267442781,524.944959172672,524.944959172672,99.8542737048473
261,486.949316049654,14.4154584475846,262.414185878453,262.414185878453,48.694931604965404
262,0.0,1067.1697609905,262.414185878453,1000.0,0.0
263,1159.00963950447,86.0989625523048,527.027853181259,527.027853181259,115.90096395044701
264,484.453264553429,18.4799145367083,265.31004276491,265.31004276491,48.4453264553429
265,0.0,1067.33019627506,265.31004276491,1000.0,0.0
266,938.213190951511,88.4898190753187,318.032381745456,749.294399968442,93.82131909515111
267,1170.64527585339,2.99560258471753,0.0,752.140222423923,117.06452758533902
268,0.0,1094.30139736421,752.140222423923,1000.0,0.0
269,1332.77542545356,170.285239886198,565.990989229381,565.990989229381,133.277542545356
270,712.827797033965,4.30354174142526,208.073713343037,351.054392470012,71.2827797033965
271,0.0,1072.08057576011,351.054392470012,1000.0,0.0
272,1086.65262202398,130.189169609063,547.433705421631,547.43370542163,108.66526220239801
273,622.106177743955,3.69879567972176,268.410350385383,268.410350385383,62.2106177743955
274,0.0,1067.5019584701,268.410350385383,1000.0,0.0
275,988.839040159839,129.106252242757,546.932509050814,546.932509050814,98.8839040159839
276,679.429590692731,4.35979718902558,268.472102851984,268.472102851984,67.9429590692731
277,0.0,1067.50537965939,268.472102851984,1000.0,0.0
278,1004.10693010746,132.467515236876,548.488170513477,548.488170513477,100.410693010746
279,471.960106042489,5.55522545053266,269.78325792662,269.78325792662,47.1960106042489
280,810.37520677957,578.699789464592,269.78325792662,535.565681153119,81.037520677957
281,1276.30498352467,55.7350847100267,286.711954382699,286.711954382699,127.630498352467
282,644.930968937153,4.35979718902556,141.69798647521,141.69798647521,64.4930968937153
283,474.382415333137,800.24780597659,141.69798647521,752.777626915908,47.4382415333137
284,1081.44483749447,169.314833415093,445.100196270376,445.100196270376,108.144483749447
285,670.575226929051,2.22209018021308,217.872114279231,217.872114279231,67.05752269290511
286,181.02807459418,1020.36130857478,217.872114279231,957.876289762924,18.102807459418
287,1293.9020715473,157.543381004724,539.571988016175,539.571988016175,129.39020715473
288,563.390126656768,4.75358532222796,171.855784456046,363.187068329085,56.3390126656768
289,688.162810738564,402.423344408959,363.187068329085,363.187068329085,68.8162810738564
290,1534.75102332146,56.7195550430325,203.188263250753,203.188263250753,153.475102332146
291,1377.92452209891,5.09111800782986,101.345427738606,101.345427738606,137.79245220989102
292,0.0,1058.24628408524,101.345427738606,1000.0,0.0
293,829.114615510997,202.772760875389,581.026880353866,581.026880353866,82.9114615510997
294,435.064799727664,3.00966644661775,284.457312976536,284.457312976536,43.50647997276641
295,0.0,996.804339892142,219.850364080368,1000.0,0.0
296,641.314998812428,219.522820398387,588.779151492074,588.779151492074,64.1314998812428
297,433.723767429422,6.15997151223616,289.692086260135,289.692086260135,43.37237674294221
298,0.0,747.692540778805,0.0,1000.0,0.0
299,574.24816484769,160.876516275043,561.63643894268,561.63643894268,57.424816484768996
300,527.269865958765,9.16963795885384,277.861648847903,277.861648847903,52.7269865958765
301,0.0,760.145632791681,0.0,1000.0,0.0
302,0.0,259.872040189723,567.605522624207,649.398940681072,0.0
303,419.332292107444,8.41018941624928,320.266251074453,320.266251074453,41.9332292107444
304,0.0,715.509209395313,0.0,1000.0,0.0
305,376.119513773486,156.657357705018,559.68372580963,559.68372580963,37.6119513773486
306,344.020209292715,5.16143731733037,275.055249588738,275.055249588738,34.4020209292715
307,115.182362390046,538.111484020954,275.055249588738,496.729317736288,11.518236239004601
308,440.190702061457,91.8229543456382,284.493881100724,284.493881100724,44.0190702061457
309,570.360097809172,1.91268521841126,139.484813054002,139.484813054002,57.0360097809172
310,322.473569099545,575.901080946476,139.484813054002,539.764720948941,32.2473569099545
311,625.128676637074,217.638262903776,316.933226035573,412.90714856482,62.512867663707404
312,471.173379590753,3.34719913221965,0.0,416.086987740428,47.1173379590753
313,0.0,666.781756544808,416.086987740428,611.543353573335,0.0
314,719.610001229856,203.405634660892,392.071677526217,392.071677526217,71.96100012298561
315,616.090582391951,13.7825846620809,197.38814169612,197.38814169612,61.6090582391951
316,0.0,844.854587688295,0.0,1000.0,0.0
317,1067.48504974773,176.543658431735,568.887513710072,568.887513710072,106.74850497477301
318,624.699442622222,8.80397754945166,215.925452597957,349.961342278938,62.46994426222221
319,604.492598050525,387.768800309073,349.961342278938,349.961342278938,60.4492598050525
320,1038.85411244728,132.144046413175,231.652962591221,231.652962591221,103.885411244728
321,761.829212647907,15.203034713989,119.892847841557,119.892847841557,76.18292126479069
322,0.0,1033.39850855616,96.5403594214102,1000.0,0.0
323,625.22841238135,192.112353555126,576.093025171026,576.093025171026,62.52284123813501
324,508.084335508359,7.62261314984471,284.188606297544,284.188606297544,50.8084335508359
325,0.0,1068.37610007189,284.188606297544,1000.0,0.0
326,563.97424153055,206.780961516912,582.881957830263,582.881957830263,56.397424153055
327,405.950133303432,15.1608431282888,290.984882493349,290.984882493349,40.5950133303432
328,0.0,746.33170263858,0.0,1000.0,0.0
329,765.099394599893,203.349379213292,581.293751148716,581.293751148716,76.5099394599893
330,449.524202151636,13.3466049431783,289.371474129486,289.371474129486,44.952420215163606
331,0.0,1068.66323956396,289.371474129486,1000.0,0.0
332,1032.26552398464,237.243286392491,596.980546650884,596.980546650883,103.226552398464
333,374.771276466982,13.4731797002789,297.072340511713,297.072340511713,37.4771276466982
334,437.888093463904,896.177407997053,297.072340511713,835.733151254478,43.7888093463904
335,1202.16002875118,98.4329694386771,452.708845441108,452.708845441108,120.21600287511802
336,733.823045715414,10.1400444299595,225.243483726713,225.243483726713,73.3823045715414
337,12.6437840686325,799.797762395788,225.243483726713,747.952954079856,1.2643784068632502
338,482.916915257099,231.420847565857,457.847218025039,485.858319241062,48.2916915257099
339,695.08309586313,12.1933682673714,0.0,497.442019095065,69.508309586313
340,0.0,634.955237064921,497.442019095065,577.026316311935,0.0
341,938.617754317417,86.9146665425095,321.341275410745,321.341275410745,93.8617754317417
342,432.03079591988,15.8218446375928,163.873552013146,163.873552013146,43.203079591988
343,0.0,1061.71044609491,163.873552013146,1000.0,0.0
344,332.029046341231,197.105024529655,578.403735711802,578.403735711802,33.2029046341231
345,428.971486836822,14.9358213378875,288.699039837772,288.699039837772,42.897148683682204
346,0.0,1068.62598558658,288.699039837772,1000.0,0.0
347,801.105742694014,222.124634849902,589.983324590788,589.983324590788,80.11057426940141
348,343.863245419324,16.8625704181989,295.232117007012,295.232117007012,34.3863245419324
349,0.0,741.860929466303,0.0,1000.0,0.0
350,534.638710560135,223.643531935111,590.686301318686,590.686301318686,53.4638710560135
351,612.043534810904,22.7272008305332,298.288864103748,298.288864103748,61.20435348109041
352,0.0,738.643300943424,0.0,1000.0,0.0
353,630.433533239441,247.087989722548,601.536877294667,601.536877294666,63.0433533239441
354,803.756649850423,13.6700737668802,299.383217951047,299.383217951047,80.3756649850423
355,0.0,737.491349525213,0.0,1000.0,0.0
356,50.984954270141,235.45717593118,596.153898091226,596.153898091226,5.0984954270141
357,520.648730712658,11.7855162722692,295.888529037122,295.888529037122,52.0648730712658
358,0.0,741.169969434609,0.0,1000.0,0.0
359,281.763669192501,240.52016621521,598.497153850886,598.497153850885,28.176366919250103
360,635.720701668474,16.0749941517943,299.015373528377,299.015373528377,63.5720701668474
361,0.0,737.878554180656,0.0,1000.0,0.0
362,194.626313371632,245.70973125634,600.898991004537,600.898991004537,19.462631337163202
363,564.904396566582,24.6820776346447,304.169034112604,304.169034112604,56.490439656658204
364,0.0,732.453648302523,0.0,1000.0,0.0
365,464.173828813131,238.551225549198,597.585887722129,597.585887722129,46.4173828813131
366,874.965925136538,23.6976073016389,302.099325090129,302.099325090129,87.49659251365381
367,0.0,734.632289378812,0.0,1000.0,0.0
368,761.620218343308,262.65668484594,608.742388755621,608.742388755621,76.1620218343308
369,992.332189038248,23.7116711635391,307.54105258612,307.54105258612,99.2332189038248
370,0.0,728.904155172506,0.0,1000.0,0.0
371,851.466691648255,257.762460904711,606.477241521283,606.477241521283,85.14666916482551
372,618.058441583132,23.8804375063401,306.515627843431,306.515627843431,61.8058441583132
373,0.0,729.983549638494,0.0,1000.0,0.0
374,922.21308199385,270.307425719584,612.283308570218,612.283308570218,92.221308199385
375,801.336821586022,11.9964742007703,303.844082619437,303.844082619437,80.1336821586022
376,0.0,732.795702505856,0.0,1000.0,0.0
377,119.458330201996,257.523375252409,606.366587777077,606.366587777077,11.9458330201996
378,781.801822786479,19.0565328746118,304.229117593621,304.229117593621,78.1801822786479
379,0.0,494.288490340297,257.790270162128,502.445004298873,0.0
380,639.926603979677,113.987600700168,297.536699341452,297.536699341452,63.992660397967704
381,665.114886874449,10.2525553251601,149.698869515557,149.698869515557,66.5114886874449
382,233.188983507492,772.429487138228,149.698869515557,725.929124912076,23.3188983507492
383,658.76170205535,209.073371006625,450.421223589719,450.421223589719,65.876170205535
384,589.227249982946,18.7330640509098,215.861438427854,240.995067671921,58.9227249982946
385,514.695377881341,267.030545896865,240.995067671921,240.995067671921,51.4695377881341
386,1181.33245700681,33.9360987648989,133.11417611469,133.11417611469,118.13324570068102
387,1115.95384659968,15.1608431282889,71.8672452473008,71.8672452473008,111.595384659968
388,0.0,976.981847108104,0.0,1000.0,0.0
389,566.76152093311,223.727915106511,590.725355581347,590.725355581347,56.676152093311
390,960.354855201208,30.2232392232773,301.777210872455,301.777210872455,96.0354855201208
391,0.0,734.971356976363,0.0,1000.0,0.0
392,367.715965718827,283.949371762664,618.597081033746,618.597081033746,36.771596571882704
393,829.553413412316,29.0559386855704,314.815493151685,314.815493151685,82.9553413412316
394,0.0,721.246849314016,0.0,1000.0,0.0
395,327.293035081097,294.525395911526,623.491881953924,623.491881953924,32.7293035081097
396,439.31790113005,34.0486096600996,319.510850294599,319.510850294599,43.93179011300501
397,0.0,716.304368110949,0.0,1000.0,0.0
398,1025.94208654855,293.344031511919,622.94512227667,622.94512227667,102.594208654855
399,698.576003104815,34.0626735219997,319.250989239201,319.250989239201,69.8576003104815
400,0.0,716.577906063999,0.0,1000.0,0.0
401,698.769918356748,295.664568725433,624.019114499848,624.019114499848,69.8769918356748
402,822.012366948578,35.2440379216067,320.320975896977,320.320975896977,82.20123669485781
403,0.0,715.451604318972,0.0,1000.0,0.0
404,393.691954923025,307.0281691407,629.278421871529,629.278421871529,39.3691954923025
405,816.481143345134,25.736867277151,318.483088972093,318.483088972093,81.64811433451341
406,0.0,717.386222134639,0.0,1000.0,0.0
407,475.085699365226,280.813130558946,617.145564271512,617.145564271512,47.508569936522605
408,489.255824471232,41.3618178481425,319.803757264556,319.803757264556,48.925582447123205
409,0.0,715.996044984677,0.0,1000.0,0.0
410,392.947608461217,315.916529861552,633.392137538487,633.392137538487,39.294760846121704
411,953.879776451037,40.1241980009352,327.145958644824,327.145958644824,95.3879776451037
412,0.0,708.267411952817,0.0,1000.0,0.0
413,226.984766575312,308.603321673509,630.007434774534,630.007434774534,22.698476657531202
414,389.82954512948,37.6630221684208,324.357918227081,324.357918227081,38.982954512948
415,0.0,711.202191339915,0.0,1000.0,0.0
416,71.6076049589435,331.710246775344,640.701793699871,640.701793699871,7.16076049589435
417,529.619958056855,34.6814834456034,328.188073243351,328.188073243351,52.961995805685504
418,0.0,707.170449217525,0.0,1000.0,0.0
419,16.2216281904516,345.872555708727,647.256400783142,647.256400783142,1.62216281904516
420,644.51528533947,44.1886540900591,335.781456953981,335.781456953981,64.451528533947
421,0.0,699.177413732652,0.0,1000.0,0.0
422,0.0,322.076501373788,607.491884599072,666.507534621865,0.0
423,449.138997854454,35.9331671547107,341.339405768153,341.339405768153,44.9138997854454
424,0.0,693.326941296681,0.0,1000.0,0.0
425,286.519170227945,323.004716259193,636.672695602011,636.672695602011,28.6519170227945
426,756.485223893627,35.8628478452104,326.771938975494,326.771938975494,75.6485223893627
427,0.0,708.661116867901,0.0,1000.0,0.0
428,0.0,329.19281549523,621.755284090483,658.253928309434,0.0
429,725.696303374717,39.069408358429,338.769934839715,338.769934839715,72.56963033747171
430,0.0,696.031647537142,0.0,1000.0,0.0
431,111.09881404987,333.299463170054,641.437315646653,641.437315646653,11.109881404987
432,1359.41252710285,33.1625863603944,327.843427720295,327.843427720295,135.941252710285
433,0.0,707.533233978636,0.0,1000.0,0.0
434,211.484330152442,325.550275263108,637.850832525618,637.850832525618,21.1484330152442
435,843.910173941693,36.1581889451121,327.482593037077,327.482593037077,84.3910173941693
436,0.0,707.913059960971,0.0,1000.0,0.0
437,156.348200207417,327.195747105418,638.612390647508,638.612390647507,15.6348200207417
438,418.523573931622,36.312891426013,327.925208013902,327.925208013902,41.85235739316221
439,0.0,707.447149459051,0.0,1000.0,0.0
440,364.713636340519,328.405239228825,639.172168412315,639.172168412315,36.4713636340519
441,713.954486858528,37.1426592781177,328.581953841128,328.581953841128,71.3954486858528
442,0.0,706.75583806197,0.0,1000.0,0.0
443,150.878588045001,323.609462320897,636.952584484415,636.952584484415,15.087858804500101
444,536.985989631391,37.5364474113201,327.682871307134,327.682871307134,53.698598963139105
445,0.0,707.702240729333,0.0,1000.0,0.0
446,329.064431703425,318.616791346367,634.641873943639,634.641873943639,32.9064431703425
447,508.098914178535,37.1426592781177,326.374887305107,326.374887305107,50.8098914178535
448,0.0,709.079065994624,0.0,1000.0,0.0
449,92.2593201415658,317.969853698964,634.342457929905,634.342457929905,9.22593201415658
450,743.3834357873,39.055344496529,327.114247918732,327.114247918732,74.33834357873
451,0.0,708.300791664493,0.0,1000.0,0.0
452,527.025293274126,322.667183573591,636.516478551367,636.516478551367,52.702529327412606
453,751.61787899632,38.5912370538264,327.958587725578,327.958587725578,75.161787899632
454,0.0,707.412012920444,0.0,1000.0,0.0
455,0.0,330.022583347334,625.827713459609,654.755440011958,0.0
456,347.650413745314,40.5742415817378,337.762010789168,337.762010789168,34.7650413745314
457,0.0,697.092620221928,0.0,1000.0,0.0
458,244.76862895622,300.910389214164,626.446987828607,626.446987828606,24.476862895622002
459,577.624372114658,14.6123525141856,311.955018759604,311.955018759604,57.762437211465794
460,0.0,799.837769550979,68.2108548413828,1000.0,0.0
461,82.5209440516184,326.520681734214,638.29995654622,638.299956546219,8.25209440516184
462,666.751489315678,17.720465994104,319.168040655686,319.168040655686,66.6751489315678
463,0.0,716.665220362436,0.0,1000.0,0.0
464,0.0,333.862017646057,560.264469743538,727.416843349503,0.0
465,531.936122787128,36.7629350068155,371.397205141374,371.397205141374,53.193612278712806
466,0.0,661.687152482765,0.0,1000.0,0.0
467,598.564986769257,295.889590515834,624.123259200277,624.123259200277,59.856498676925696
468,1075.44779556622,32.41720167969,319.063395259581,319.063395259581,107.54477955662202
469,375.154367741942,302.443350161273,295.418127701103,295.418127701103,37.5154367741942
470,662.855525970101,197.667579005659,235.406262240336,235.406262240336,66.2855525970101
471,760.997888496494,31.8827749274869,129.441104359167,129.441104359167,76.09978884964941
472,0.0,916.377784885087,0.0,1000.0,0.0
473,414.577235086844,348.741583536344,648.584245713616,648.584245713616,41.4577235086844
474,541.452551735494,39.3788133202309,334.202262794586,334.202262794586,54.1452551735494
475,0.0,700.83972337412,0.0,1000.0,0.0
476,160.704240690944,348.952541464845,648.681881370268,648.681881370268,16.0704240690944
477,384.921192608153,42.824459485751,335.844544609049,335.844544609049,38.4921192608153
478,0.0,699.111005674686,0.0,1000.0,0.0
479,0.0,353.537360444272,638.994612911818,663.234584093829,0.0
480,552.236911534733,42.4587990763488,342.765087720791,342.765087720791,55.22369115347331
481,0.0,691.826223451799,0.0,1000.0,0.0
482,0.0,354.339000572577,319.790948016751,1000.0,0.0
483,235.865370195783,43.485460995055,507.305450537455,507.305450537455,23.5865370195783
484,0.0,518.625841539521,0.0,1000.0,0.0
485,111.284978143196,364.844705411939,656.03710083809,656.037100838089,11.128497814319601
486,554.965960031242,42.9229065190516,339.473419963912,339.473419963912,55.49659600312421
487,0.0,695.291136880092,0.0,1000.0,0.0
488,135.984566613887,369.513907562766,658.198103371998,658.198103371998,13.598456661388703
489,398.746355228245,43.1338644475529,340.623851726828,340.623851726828,39.874635522824505
490,0.0,694.080156077023,0.0,1000.0,0.0
491,393.802152188118,360.470844361013,654.012788223494,654.012788223494,39.3802152188118
492,1095.87226425244,28.4371287619667,331.782901292305,331.782901292305,109.587226425244
493,0.0,703.386419692311,0.0,1000.0,0.0
494,515.544677535915,339.48756240609,644.30129490846,644.301294908459,51.554467753591496
495,993.313066224225,36.1722528070121,330.631635036597,330.631635036597,99.33130662242252
496,0.0,704.598278908845,0.0,1000.0,0.0
497,19.8230319232695,361.70846420822,654.585584075856,654.585584075856,1.98230319232695
498,378.484880578079,40.3210920675365,337.562097673341,337.562097673341,37.848488057807906
499,0.0,697.303055080694,0.0,1000.0,0.0
500,181.299784097374,339.248476753788,644.190641164253,644.190641164253,18.1299784097374
501,275.854552438002,38.5068538824258,331.658228069195,331.658228069195,27.585455243800197
502,0.0,703.517654664005,0.0,1000.0,0.0
503,208.255072167677,283.836860867464,618.545008683531,618.545008683531,20.825507216767704
504,835.018477545326,6.66627054063919,183.255681084437,431.977248766152,83.5018477545326
505,0.0,548.631252722216,431.977248766152,498.464045414202,0.0
506,631.604337199017,89.6571196130254,284.336612099614,284.336612099614,63.160433719901704
507,671.015558168074,22.9522226209346,149.145724312834,149.145724312834,67.1015558168074
508,0.0,895.636079670701,0.0,1000.0,0.0
509,0.0,334.227678055459,533.37087588897,756.073266901139,0.0
510,116.60834866089,17.8470407512046,376.603362991818,376.603362991817,11.660834866089
511,0.0,656.206986324403,0.0,1000.0,0.0
512,0.0,306.296848321895,276.43290561051,1000.0,0.0
513,103.456039404007,32.0937328559881,502.03312507822,502.03312507822,10.3456039404007
514,0.0,524.1756578124,0.0,1000.0,0.0
515,0.0,348.03839044134,642.784091536409,654.021637723053,0.0
516,499.011427409903,25.0336741821467,330.212023992968,330.212023992968,49.9011427409903
517,0.0,705.039974744244,0.0,1000.0,0.0
518,337.446701166464,204.361977270098,581.762402300648,581.762402300648,33.7446701166464
519,661.459575342285,8.6633389304509,287.432279779665,287.432279779665,66.1459575342285
520,0.0,791.190678912937,116.74781647063,916.170986356819,0.0
521,210.387597624153,263.106728426742,568.110902279033,568.110902279033,21.0387597624153
522,432.261066063149,11.6167499294681,282.148448193039,282.148448193039,43.2261066063149
523,0.0,755.63321242838,0.0,1000.0,0.0
524,77.4717349691409,334.087039436458,641.801822098156,641.801822098156,7.74717349691409
525,835.751613854341,52.9082484681101,337.159705249086,337.159705249086,83.57516138543411
526,0.0,697.726626053594,0.0,1000.0,0.0
527,653.991589854976,214.684851904758,586.540040432843,586.540040432843,65.3991589854976
528,955.796475985292,15.3577371948901,179.242901950607,412.453151872613,95.5796475985292
529,0.0,693.151497607463,412.453151872613,636.785862102215,0.0
530,607.282888774313,319.516878507973,458.107975307974,458.107975307974,60.72828887743131
531,988.212415097718,18.6346170176093,231.805291487676,231.805291487676,98.82124150977181
532,0.0,808.626008960341,0.0,1000.0,0.0
533,218.836741928124,338.812497034886,643.988860807172,643.988860807171,21.883674192812403
534,818.609253207089,35.3424849549073,330.095389968521,330.095389968521,81.8609253207089
535,0.0,705.162747401556,0.0,1000.0,0.0
536,0.0,518.337694189438,467.799769005968,1000.0,0.0
537,0.0,364.535300450137,606.765292227062,707.608227820196,0.0
538,217.783140677285,364.535300450137,513.446628248941,513.446628248941,21.778314067728502
539,440.246557502522,364.535300450137,418.855079739868,418.855079739868,44.02465575025221
540,520.20946379348,364.535300450137,372.772017645704,372.772017645704,52.020946379348004
541,559.42923563146,364.535300450137,350.321295087009,350.321295087009,55.942923563145996
542,346.011424481394,364.535300450137,339.383763584055,339.383763584055,34.6011424481394
543,196.023402575269,364.535300450137,334.055222595436,334.055222595436,19.6023402575269
544,513.169015839028,364.535300450137,331.459266729186,331.459266729186,51.316901583902805
545,692.935759121417,364.535300450137,330.194570281526,330.194570281526,69.2935759121417
546,145.549285121802,364.535300450137,329.578436114717,329.578436114717,14.5549285121802
547,0.0,364.535300450137,211.651477133946,453.095942980298,0.0
548,0.0,364.535300450137,209.049332786975,579.35254915848,0.0
549,0.0,364.535300450137,438.893620343771,463.667800013719,0.0
550,0.0,364.535300450137,295.723492400015,498.688448704492,0.0
551,0.0,364.535300450137,128.707531694528,709.515371822093,0.0
552,63.2297659317754,364.535300450137,514.375749685762,514.375749685762,6.32297659317754
553,74.5494258293427,364.535300450137,419.307728644986,419.307728644986,7.45494258293427
554,0.0,364.535300450137,327.132631318199,421.266125842933,0.0
555,66.0377306642568,364.535300450137,373.946629849761,373.946629849761,6.60377306642568
556,318.344121386313,364.535300450137,350.893542058216,350.893542058216,31.834412138631304
557,428.236068585612,364.535300450137,339.662550570028,339.662550570028,42.8236068585612
558,45.8716002149028,364.535300450137,334.191041896295,334.191041896295,4.58716002149028
559,281.691940368271,364.535300450137,331.525435106527,331.525435106527,28.1691940368271
560,290.078966061862,364.535300450137,330.226806157666,330.226806157666,29.0078966061862
561,125.592576046961,364.535300450137,329.594140772324,329.594140772324,12.5592576046961
562,323.477151707666,364.535300450137,329.285919174336,329.285919174336,32.3477151707666
563,315.439659105215,364.535300450137,329.135759934291,329.135759934291,31.543965910521504
564,103.711779956387,364.535300450137,329.062605432731,329.062605432731,10.371177995638702
565,104.877653031024,364.535300450137,329.026966060176,329.026966060176,10.4877653031024
566,555.934379251594,364.535300450137,329.009603288931,329.009603288931,55.59343792515941
567,14.7784422520623,364.535300450137,329.00114450294,329.00114450294,1.47784422520623
568,0.0,706.314584733747,0.0,1000.0,0.0
569,90.9153762446109,276.889313088823,615.329541057776,615.329541057776,9.09153762446109
570,694.155333210553,25.1883766630477,311.433627663224,311.433627663224,69.41553332105529
571,0.0,724.806707722922,0.0,1000.0,0.0
572,234.484855801738,281.249110277849,617.347344628594,617.347344628594,23.448485580173802
573,386.420959096937,23.6694795778387,311.713683444187,311.713683444187,38.6420959096937
574,0.0,724.511912164014,0.0,1000.0,0.0
575,203.450895389886,280.728747387545,617.106510008851,617.106510008851,20.345089538988603
576,705.201684092964,25.3571430058488,312.377439010865,312.377439010865,70.5201684092964
577,0.0,617.403537413619,236.638139494118,649.818021138942,0.0
578,507.635262632923,147.107995474862,384.662608204132,384.662608204132,50.763526263292306
579,793.928157441734,6.21622695983651,190.276729551373,190.276729551373,79.3928157441734
580,0.0,821.540492893315,150.791832515729,812.011953046624,0.0
581,55.7471676282634,316.436892751855,542.049051847611,542.049051847611,5.57471676282634
582,678.445019824903,12.0527296483707,269.653429621992,269.653429621992,67.84450198249031
583,0.0,814.376371874328,41.1454337574743,1000.0,0.0
584,160.062639983724,211.787696353341,585.199177414816,585.199177414816,16.0062639983724
585,536.160287632701,3.81130657492242,234.994509972662,341.457276584506,53.61602876327011
586,324.628517759141,378.346012836018,341.457276584506,341.457276584506,32.4628517759141
587,222.529733113034,254.921560800894,284.333908399019,284.333908399019,22.252973311303403
588,521.264147438145,9.66187312535663,142.993360756258,142.993360756258,52.1264147438145
589,0.0,902.112251835518,0.0,1000.0,0.0
590,239.489164232402,219.860353083989,588.935368542718,588.935368542718,23.948916423240203
591,541.146962458172,8.80397754945175,290.991892232801,290.991892232801,54.1146962458172
592,0.0,760.993500314959,13.2389316554113,1000.0,0.0
593,274.398168016659,263.444261112344,609.106895207123,609.106895207123,27.4398168016659
594,648.952241901108,21.5739641547264,306.729257998158,306.729257998158,64.8952241901108
595,0.0,729.758675791413,0.0,1000.0,0.0
596,441.882924529237,257.228034152508,606.229897857763,606.229897857763,44.188292452923704
597,552.730644723016,23.528840958838,306.23240098986,306.23240098986,55.2730644723016
598,0.0,730.281683168569,0.0,1000.0,0.0
599,601.624612701631,257.368672771508,606.294988295532,606.294988295532,60.16246127016311
600,620.504626679476,15.3858649186901,302.495375369166,302.495375369166,62.050462667947606
601,0.0,734.215394348247,0.0,1000.0,0.0
602,390.118843766687,256.693607400305,605.982554194244,605.982554194244,39.011884376668704
603,334.030511901057,18.9580858413112,303.996461003238,303.996461003238,33.40305119010571
604,0.0,732.635304207118,0.0,1000.0,0.0
605,450.154606950505,250.210167064367,602.981885013123,602.981885013124,45.01546069505051
606,539.325012233742,18.1705095749065,302.170090078882,302.170090078882,53.9325012233742
607,0.0,734.557799916966,0.0,1000.0,0.0
608,0.0,230.942676261254,570.256492060512,619.125550805547,0.0
609,559.725063330765,7.34133591184302,305.022989192671,305.022989192671,55.9725063330765
610,0.0,668.117823425316,275.72057037356,649.502742106132,0.0
611,411.057443485979,224.613938406217,420.380350980736,420.380350980736,41.1057443485979
612,721.571363453226,8.66333893045072,208.810254777657,208.810254777657,72.1571363453226
613,0.0,1064.20001411511,208.810254777657,1000.0,0.0
614,396.034398528271,233.080383270066,595.053869692941,595.053869692941,39.60343985282711
615,721.529760846575,6.83503688344014,278.797933699332,308.075645575018,72.1529760846575
616,361.888922684779,341.358056038801,308.075645575018,308.075645575018,36.1888922684779
617,1116.24153081079,168.245979910686,227.95582572598,227.95582572598,111.624153081079
618,955.043081957514,9.0571270636531,115.24722646904,115.24722646904,95.5043081957514
619,0.0,931.318708979958,0.0,1000.0,0.0
620,78.4013461202021,225.753111220123,591.662657885211,591.662657885211,7.840134612020211
621,241.410136769613,5.96307744563504,291.005744813147,291.005744813147,24.1410136769613
622,0.0,746.309742301951,0.0,1000.0,0.0
623,0.0,240.140441943907,216.726748854376,1000.0,0.0
624,95.9085010481369,15.9906109803938,494.580269953746,494.580269953746,9.59085010481369
625,0.0,532.020768469741,0.0,1000.0,0.0
626,0.0,237.580819078093,320.452072492545,888.383807079404,0.0
627,278.33640903932,11.6870692389685,438.211382930053,438.211382930053,27.833640903932004
628,0.0,591.356439020997,0.0,1000.0,0.0
629,422.741502660317,245.836306013441,600.957572398529,600.957572398528,42.274150266031704
630,219.324856505089,17.9032961988049,301.060214665653,301.060214665653,21.9324856505089
631,0.0,735.726089825628,0.0,1000.0,0.0
632,483.269466897678,241.504636548216,598.952786915264,598.952786915264,48.3269466897678
633,538.040899883762,19.9988116219172,301.053371824759,301.053371824759,53.804089988376205
634,0.0,1045.92940950913,279.951995315512,1000.0,0.0
635,415.897457000918,231.252081223055,594.207694001953,594.207694001953,41.589745700091804
636,679.752238878574,15.3577371948901,296.593675446279,296.593675446279,67.9752238878574
637,0.0,740.427710056549,0.0,1000.0,0.0
638,390.249956161807,217.596071318075,587.887412494648,587.887412494648,39.0249956161807
639,707.118468067147,8.15703990204784,290.181933528981,290.181933528981,70.7118468067147
640,0.0,747.176912074757,0.0,1000.0,0.0
641,622.135577986071,216.358451470868,587.314616642286,587.314616642286,62.2135577986071
642,403.371081737284,11.2229617962657,291.321850682719,291.321850682719,40.3371081737284
643,0.0,745.976999281349,0.0,1000.0,0.0
644,318.206824398291,160.806196965543,561.603893723796,561.603893723796,31.820682439829103
645,800.369089383078,8.10078445444764,277.351106157818,277.351106157818,80.0369089383078
646,0.0,1067.99729119988,277.351106157818,1000.0,0.0
647,212.411725812282,212.912805305348,585.719900916962,585.719900916962,21.2411725812282
648,554.814500425125,13.1637747384772,291.443185934661,291.443185934661,55.4814500425125
649,0.0,745.849277963514,0.0,1000.0,0.0
650,133.382554236549,180.369028868557,570.657973617371,570.657973617371,13.3382554236549
651,527.238763081413,8.28361465914859,281.846685726351,281.846685726351,52.72387630814131
652,0.0,716.877232632902,0.0,962.880056727607,0.0
653,242.09854502565,104.12883350821,517.288372375583,517.288372375583,24.209854502565
654,537.742445682228,7.48197453084392,255.475095267123,255.475095267123,53.7742445682228
655,0.0,402.789004818361,231.183297099612,394.773810792343,0.0
656,537.407768030636,114.507963590471,242.074278159618,248.741346561587,53.7407768030636
657,606.339090620365,3.17843278941864,0.0,251.760857711535,60.63390906203651
658,0.0,395.81332931592,251.760857711535,362.772091391622,0.0
659,598.29485742374,107.672926707031,226.568360602634,226.568360602634,59.829485742374004
660,492.093006104512,10.2947469108604,115.14407777413,115.14407777413,49.20930061045121
661,0.0,826.926952001047,12.1610040091108,887.923625323429,0.0
662,187.232157702346,164.167459959662,508.558244446591,508.558244446591,18.7232157702346
663,773.857281358802,12.6293479862741,253.604266041987,253.604266041987,77.3857281358802
664,0.0,785.679719955803,0.0,1000.0,0.0
665,93.7187559629006,169.835196305395,565.782699828523,565.782699828523,9.37187559629006
666,318.480704532078,13.3887965288785,281.834335233031,281.83433523303,31.8480704532078
667,0.0,755.963857649442,0.0,1000.0,0.0
668,12.4334726397002,173.041756818614,567.266761809641,567.266761809641,1.24334726397002
669,457.994305020624,11.8417717198694,281.841344972482,281.841344972482,45.7994305020624
670,0.0,755.956478976334,0.0,1000.0,0.0
671,195.961986335197,175.615443546329,568.457916820801,568.457916820801,19.596198633519702
672,425.886579897562,7.2428888785424,280.293193944946,280.293193944946,42.5886579897562
673,0.0,757.586111636898,0.0,1000.0,0.0
674,0.0,165.53165456397,443.635671587784,690.270154374947,0.0
675,330.150029726871,8.87429685895205,340.392666446874,340.392666446874,33.01500297268711
676,0.0,694.323509003291,0.0,1000.0,0.0
677,0.0,151.088068392586,351.356213876092,773.685018787597,0.0
678,70.2224496917271,8.80397754945163,380.998132095691,380.998132095691,7.022244969172711
679,0.0,651.580913583484,0.0,1000.0,0.0
680,0.0,154.097734839203,200.598539445529,935.23649078616,0.0
681,118.774001843603,8.93055230655232,459.761276771033,459.761276771033,11.877400184360301
682,0.0,568.672340241018,0.0,1000.0,0.0
683,0.0,144.084265166345,551.231138732244,556.636747979349,0.0
684,776.397970083714,8.71959437805105,275.217612567473,275.217612567473,77.6397970083714
685,0.0,762.928828876344,0.0,1000.0,0.0
686,286.584677559069,127.812376947949,546.333677023346,546.333677023346,28.6584677559069
687,443.278138948491,3.50190161312065,267.783312501549,267.783312501549,44.3278138948491
688,0.0,770.754407893107,0.0,1000.0,0.0
689,0.0,144.056137442544,290.678891387718,830.875550162293,0.0
690,282.404862076022,13.1075192908768,410.851953238049,410.851953238048,28.240486207602203
691,0.0,620.155838696791,0.0,1000.0,0.0
692,0.0,148.697211869572,418.322162625144,700.92323272331,0.0
693,703.618860112636,8.0023374211469,345.179066979348,345.179066979348,70.36188601126359
694,0.0,689.285192653317,0.0,1000.0,0.0
695,0.0,130.470446847065,547.526012385171,547.603753572952,0.0
696,492.69330927068,7.11631412144171,270.074891994311,270.074891994311,49.269330927068005
697,0.0,768.342218953357,0.0,1000.0,0.0
698,137.881028694064,121.821171778514,543.560824374415,543.560824374415,13.788102869406401
699,893.861655485473,8.14297604014787,268.580420016373,268.580420016373,89.3861655485473
700,18.0384845822377,227.117305824431,235.961419242104,235.961419242104,1.8038484582237702
701,514.681120306806,111.976468448456,166.780569771657,166.780569771657,51.4681120306806
702,641.335828856785,7.31320818804288,84.6367752168117,84.6367752168117,64.1335828856785
703,0.0,963.540236613882,0.0,1000.0,0.0
704,379.81874124988,107.138499954828,536.765382671401,536.765382671401,37.981874124988
705,462.891932001563,8.80397754945169,265.575745269852,265.575745269852,46.289193200156305
706,0.0,773.07816287384,0.0,1000.0,0.0
707,0.0,158.977894918532,450.898897403747,676.398581852871,0.0
708,657.891109323354,3.34719913221965,331.0766666549,331.0766666549,65.7891109323354
709,0.0,735.230572412509,28.0684249244451,1000.0,0.0
710,469.917134516234,133.353538536582,548.898240271418,548.898240271418,46.991713451623404
711,618.413182329803,6.70846212633939,270.516777090702,270.516777090702,61.841318232980306
712,0.0,992.360159531717,210.859793804989,991.301250956371,0.0
713,715.97607458333,108.966802001839,533.373706264211,533.373706264211,71.597607458333
714,707.532071566403,2.50336741821475,261.007338485097,261.007338485097,70.7532071566403
715,0.0,863.057013222359,143.819643234592,929.522402904662,0.0
716,619.382628452838,95.7748995395613,497.170835689171,497.170835689171,61.93826284528381
717,1139.06834627592,1.67359956610984,53.1310300319361,442.833355243358,113.906834627592
718,224.901847415206,490.674077831976,442.833355243358,442.833355243358,22.4901847415206
719,1092.5889110467,93.1730850880461,258.86174193495,258.86174193495,109.25889110467001
720,840.272078795577,5.49897000293224,128.657166802999,128.657166802999,84.02720787955771
721,0.0,917.202982312632,0.0,1000.0,0.0
722,702.3332806211,89.6008641654252,528.64860508169,528.64860508169,70.23332806211
723,1068.95312997655,6.21622695983648,260.423753671209,260.423753671209,106.895312997655
724,0.0,778.501311925043,0.0,1000.0,0.0
725,748.826101174615,85.5504719382014,526.774000473962,526.774000473962,74.88261011746151
726,850.373455939242,1.82830204701077,257.47966310138,257.47966310138,85.03734559392421
727,0.0,675.248201408658,256.260600945486,629.217453444357,0.0
728,797.250914650519,86.8865388187093,346.754708746679,346.754708746679,79.7250914650519
729,666.268813456577,5.94901358373492,171.68510670188,171.68510670188,66.62688134565771
730,0.0,871.910413998021,0.0,1000.0,0.0
731,748.178295780272,84.1722134719933,526.136114183833,526.136114183833,74.8178295780272
732,843.840517966855,4.6973298746276,258.49674291615,258.49674291615,84.38405179668551
733,0.0,910.860079820739,145.192144316102,970.979982623639,0.0
734,395.094104257672,78.9404568451627,509.576792715495,509.576792715495,39.5094104257672
735,811.288775522121,0.0,248.255360553703,248.255360553703,81.1288775522121
736,1041.69075502425,106.196221207522,60.1166044656566,285.861134421211,104.169075502425
737,832.674649923278,78.0263058216573,0.0,359.986124951785,83.2674649923278
738,971.658418699684,4.5566912556267,0.0,364.314981644631,97.1658418699684
739,0.0,907.892604959821,364.314981644631,843.323501993692,0.0
740,607.53296955844,72.499208094925,444.40403189727,444.40403189727,60.753296955844
741,832.010060808646,4.2472862938249,218.470259580812,218.470259580812,83.2010060808646
742,0.0,912.393040767848,80.9814658947541,1000.0,0.0
743,896.890049738698,72.822676918627,520.883315855929,520.883315855929,89.68900497386981
744,739.312100479614,4.35979718902558,255.78147026986,255.78147026986,73.9312100479614
745,0.0,872.381353662113,151.435867544371,925.137579886372,0.0
746,795.529598864288,81.6829099156788,488.512577995361,488.512577995361,79.55295988642881
747,1031.77095087595,4.2050947081247,239.939511317782,239.939511317782,103.17709508759499
748,0.0,904.967321684604,197.477424304716,891.787493965824,0.0
749,467.410195231422,70.5865228765137,467.129464699275,467.129464699275,46.7410195231422
750,807.30752214449,3.78317885112225,229.326825834589,229.326825834589,80.73075221444901
751,0.0,859.93483588054,183.783346316321,852.808765903922,0.0
752,569.74511821953,70.9662471478161,448.315572133144,448.315572133144,56.974511821953
753,768.004547402501,2.27834562781341,219.46461561825,219.46461561825,76.8004547402501
754,302.125427131371,476.06172531779,219.46461561825,440.707869808835,30.2125427131371
755,751.695485197711,74.1446799372347,249.019512800896,249.019512800896,75.16954851977111
756,1162.7223772341,4.07851995102391,123.204821239308,123.204821239308,116.27223772341
757,0.0,876.642703817838,38.6626626776033,915.317850205619,0.0
758,497.573647633226,72.0210367903223,479.256894050566,479.256894050566,49.757364763322606
759,811.914615823055,3.13624120371841,234.935644633022,234.935644633022,81.19146158230551
760,220.563964341409,860.314560151843,234.935644633022,804.933798216196,22.0563964341409
761,724.204422607335,67.379962363295,423.33206376321,423.33206376321,72.42044226073351
762,760.601814636278,2.8690278276169,207.566542661269,207.566542661269,76.06018146362781
763,422.384607139774,819.754382432005,207.566542661269,767.842108433496,42.2384607139774
764,793.184640478379,61.2903101605593,402.443337400885,402.443337400885,79.3184640478379
765,655.858321139265,2.8549639657168,197.383474620462,197.383474620462,65.5858321139265
766,56.5788246593662,805.521754189121,197.383474620462,754.857062552272,5.65788246593662
767,1011.68019554023,88.4335636277184,408.679743896756,408.679743896756,101.168019554023
768,1351.96827280754,3.20656051321889,200.584450033384,200.584450033384,135.196827280754
769,377.428543740216,654.799346205938,200.584450033384,611.502302578095,37.742854374021604
770,720.667411684628,84.0597025767928,336.815932833203,336.815932833203,72.0667411684628
771,1147.68971103024,2.88309168951691,165.424167405811,165.424167405811,114.768971103024
772,337.877716183131,729.478452895376,165.424167405811,684.297995123985,33.7877716183131
773,682.998711979509,77.3371765885533,369.169178071259,369.169178071259,68.2998711979509
774,861.154155975239,3.22062437511893,181.342221880124,181.342221880124,86.1154155975239
775,468.822599364586,448.299661927028,181.342221880124,416.340351363301,46.8822599364586
776,1389.09607753975,74.8338091703387,237.467100805829,237.467100805829,138.909607753975
777,996.703474342547,1.77204659941041,116.509239908464,116.509239908464,99.67034743425471
778,401.089013806254,600.49877540972,116.509239908464,564.341771380894,40.108901380625404
779,870.338542704738,99.7831001810849,321.117400371937,321.117400371937,87.0338542704738
780,1064.39460720056,1.15323667580685,156.975552027311,156.975552027311,106.43946072005599
781,279.70194615269,737.522981902223,156.975552027311,692.38496164778,27.970194615269005
782,852.668438866699,90.2759295366293,379.097302549845,379.097302549845,85.2668438866699
783,889.98903643167,1.0688535044063,185.1831167744,185.1831167744,88.99890364316701
784,522.522902678225,412.985304695921,185.1831167744,382.589559630893,52.2522902678225
785,1300.43146370073,40.4195391008369,205.096777275822,205.096777275822,130.043146370073
786,748.620021031941,1.11104509010656,100.433157233771,100.433157233771,74.8620021031941
787,737.115758922105,432.759094527437,100.433157233771,405.835184157182,73.7115758922105
788,1113.2771097572,110.049719368145,248.647844450807,248.647844450807,111.32771097572
789,1035.44311313547,0.239085652301418,121.246783092035,121.246783092035,103.544311313547
790,773.517106515738,214.009786533554,121.246783092035,196.927887570454,77.3517106515738
791,1266.52198184487,61.8528646365626,124.566001808425,124.566001808425,126.652198184487
792,843.224603643352,1.49076936140875,61.3759595213719,61.3759595213719,84.3224603643352
793,116.694863811303,786.113624767008,61.3759595213719,743.577629869638,11.6694863811303
794,572.384704366637,81.1484831634757,399.812950990355,399.812950990355,57.238470436663704
795,799.470573093149,2.47523969441455,195.926260135921,195.926260135921,79.94705730931491
796,80.736653562654,741.995289986449,195.926260135921,694.58361705892,8.0736653562654
797,771.943770089064,69.8692659196096,370.723819845344,370.723819845344,77.1943770089064
798,1019.12545023479,0.0,180.609040437476,180.609040437476,101.91254502347901
799,267.25318487744,552.512878606638,180.609040437476,515.381495705913,26.725318487744
800,654.440751106803,83.0189767961868,289.506178194449,289.506178194449,65.4440751106803
801,677.369519308601,2.55962286581504,142.226117395449,142.226117395449,67.7369519308601
802,224.417406440779,652.675703059025,142.226117395449,612.556332779998,22.4417406440779
803,566.188851896992,67.1268128490935,329.492546019131,329.492546019131,56.6188851896992
804,564.972367078626,2.06738769931217,161.478839034258,161.478839034258,56.497236707862605
805,355.400580466742,650.03169702181,161.478839034258,609.031225905758,35.5400580466742
806,1331.82014644938,52.2331830969063,320.88210890022,320.88210890022,133.182014644938
807,1145.74995449735,1.60328025660943,157.06921224964,157.06921224964,114.57499544973501
808,444.027404598612,505.609899169863,157.06921224964,472.062603566652,44.40274045986121
809,952.768676476888,72.9914432614279,263.761154323979,263.761154323979,95.2768676476888
810,1037.53577571222,1.39232232810825,129.143419235332,129.143419235332,103.753577571222
811,409.521317286787,732.516247065793,129.143419235332,689.093412647486,40.9521317286787
812,1302.88652969013,46.0028922751697,357.003257586386,357.003257586386,130.288652969013
813,1049.40177343493,1.68766342800995,174.705749205562,174.705749205562,104.940177343493
814,587.670832724366,448.355917374628,174.705749205562,416.743082074025,58.76708327243661
815,1554.03520754852,74.9463200655394,237.715375297166,237.715375297166,155.40352075485202
816,1074.75230996276,1.64547184230967,116.571612753842,116.571612753842,107.475230996276
817,365.974254969678,689.044849932639,116.571612753842,648.457259396331,36.5974254969678
818,881.375447867972,66.2267256874882,346.566162235627,346.566162235627,88.1375447867972
819,952.290090035462,0.0,168.839925191716,168.839925191716,95.2290090035462
820,234.002714244338,607.31974843126,168.839925191716,568.067449157501,23.4002714244338
821,845.333215107299,55.5241267815256,302.448513394848,302.448513394848,84.5333215107299
822,1060.98237659678,1.51889708520891,148.049688381798,148.049688381798,106.09823765967802
823,610.836460737141,652.197531754423,148.049688381798,611.795566304502,61.08364607371411
824,1024.95244272812,46.6076383368732,319.625221327336,319.625221327336,102.49524427281202
825,938.312457079764,0.914151023505413,156.137939261376,156.137939261376,93.83124570797641
826,588.654141410236,593.087120188376,156.137939261376,555.214977902043,58.8654141410236
827,1090.3853952162,80.1218212447697,307.571370605305,307.571370605305,109.03853952162001
828,1422.1896443699,0.140638619000847,0.0,307.704977293356,142.21896443699
829,508.792571819939,624.238574297059,307.704977293356,576.831646777292,50.8792571819939
830,1507.35790484292,45.5809764181672,302.116356746576,302.116356746576,150.735790484292
831,1304.78045288773,0.661001509303943,147.490816805843,147.490816805843,130.47804528877302
832,589.033271273609,692.771773336161,147.490816805843,650.370510100624,58.9033271273609
833,1107.35771725348,62.5701215934668,345.805907350614,345.805907350614,110.735771725348
834,1117.80366608674,0.773512404504596,168.827542014435,168.827542014435,111.780366608674
835,211.613283863913,620.835119717239,168.827542014435,580.907703625354,21.161328386391304
836,1400.11940515954,46.1857224798708,304.382016913933,304.382016913933,140.01194051595402
837,945.958191774704,0.745384680704373,148.63365422696,148.63365422696,94.5958191774704
838,241.312699478424,611.454523829884,148.63365422696,573.058973731708,24.1312699478424
839,844.173501653468,38.1833850587239,296.854630800318,296.854630800318,84.4173501653468
840,863.644780194198,0.787576266404663,144.985993251658,144.985993251658,86.3644780194198
841,290.511982349936,560.937131884788,144.985993251658,525.259433540461,29.0511982349936
842,969.136865414474,43.1760560332531,275.878385863307,275.878385863307,96.9136865414474
843,1372.05061117773,0.745384680704373,134.747269868963,134.747269868963,137.205061117773
844,578.820363798236,605.083594389147,134.747269868963,567.737453097639,57.8820363798236
845,1663.9896971269,35.5253151596083,293.031885832976,293.031885832976,166.39896971269002
846,979.615891781144,0.604746061703586,143.039012749751,143.039012749751,97.96158917811441
847,645.846935129973,547.365505151208,143.039012749751,512.468860801556,64.5846935129973
848,1320.77968951216,32.7125427795917,264.804352625672,264.804352625672,132.077968951216
849,1549.97799138125,0.50629902840294,129.241574291037,129.241574291037,154.997799138125
850,537.441266813525,517.395415442133,129.241574291037,484.723456549445,53.7441266813525
851,2092.18548566999,45.8200620704685,257.353789610549,257.353789610549,209.21854856699903
852,1273.46863761511,0.112510895200683,125.42955959638,125.42955959638,127.34686376151102
853,995.231953902648,117.883290446491,115.665513458728,115.665513458728,99.5231953902648
854,1305.7408467982,126.012202624739,114.670897771599,114.670897771599,130.57408467982
855,848.624526066642,126.012202624739,114.186341411203,114.186341411203,84.8624526066642
856,1035.18231654694,126.012202624739,113.950275492036,113.950275492036,103.518231654694
857,1830.04908959579,126.012202624739,113.835269018595,113.835269018595,183.004908959579
858,913.136214723646,126.012202624739,113.779240223842,113.779240223842,91.31362147236462
859,953.242434419219,126.012202624739,113.751944144347,113.751944144347,95.32424344192191
860,1473.32429806495,126.012202624739,113.738646054337,113.738646054337,147.332429806495
861,1052.54885247254,126.012202624739,113.732167497665,113.732167497665,105.254885247254
862,1140.47420436922,126.012202624739,113.729011277748,113.729011277748,114.047420436922
863,1375.18818887688,126.012202624739,113.727473632147,113.727473632147,137.518818887688
864,948.852482812579,126.012202624739,113.726724522752,113.726724522752,94.8852482812579
865,1135.75320970975,126.012202624739,113.726359572021,113.726359572021,113.57532097097501
866,2070.1715802198,126.012202624739,113.726181775511,113.726181775511,207.01715802198
867,1047.73092076961,126.012202624739,113.726095156699,113.726095156699,104.773092076961
868,1027.12784055694,126.012202624739,113.72605295779,113.72605295779,102.71278405569402
869,1944.93929417712,126.012202624739,113.726032399347,113.726032399347,194.49392941771202
870,935.553827832983,126.012202624739,113.726022383696,113.726022383696,93.5553827832983
871,909.671655361955,126.012202624739,113.726017504276,113.726017504276,90.96716553619551
872,1902.50283222156,126.012202624739,113.726015127122,113.726015127122,190.250283222156
873,958.793196730933,126.012202624739,113.726013969022,113.726013969022,95.8793196730933
874,1124.83557772762,126.012202624739,113.726013404819,113.726013404819,112.483557772762
875,1695.79824412668,126.012202624739,113.726013129951,113.726013129951,169.57982441266802
876,819.350407739682,126.012202624739,113.726012996041,113.726012996041,81.93504077396821
877,983.286874216554,126.012202624739,113.726012930803,113.726012930803,98.3286874216554
878,1657.93414540741,126.012202624739,113.72601289902,113.72601289902,165.793414540741
879,1109.01301698,126.012202624739,113.726012883536,113.726012883536,110.901301698
880,825.133034181518,126.012202624739,113.726012875993,113.726012875993,82.5133034181518
881,1377.03705910696,126.012202624739,113.726012872318,113.726012872318,137.70370591069602
882,1142.45289715747,126.012202624739,113.726012870527,113.726012870527,114.245289715747
883,846.816555592961,471.069054343261,113.726012870527,441.530022001333,84.6816555592961
884,1314.3849434597,33.4719913221962,230.59589388182,230.59589388182,131.43849434597
885,1333.96866020911,0.0,112.341589327041,112.341589327041,133.396866020911
886,809.890313818269,463.207355541115,112.341589327041,434.13427253632,80.9890313818269
887,1300.28277687751,54.9053168579219,236.91261916604,236.91261916604,130.028277687751
888,760.740822453308,0.0,115.418968311661,115.418968311661,76.07408224533081
889,541.90030179147,470.94247958616,115.418968311661,441.320673064133,54.19003017914701
890,1917.9908151402,38.9568974632284,233.032430446918,233.032430446918,191.79908151402003
891,626.831151035796,0.0,113.528619961319,113.528619961319,62.6831151035796
892,267.365671633589,463.629271398117,113.528619961319,434.472617303932,26.7365671633589
893,1021.18732133287,27.5370416003615,224.410854606698,224.410854606698,102.11873213328701
894,775.52348386005,0.0,109.328365064802,109.328365064802,77.55234838600501
895,361.451903248461,468.565686925046,109.328365064802,439.383278101699,36.145190324846105
896,1091.09459087016,32.4312655415901,229.068375050205,229.068375050205,109.10945908701599
897,705.000405781556,8.59301962095039,115.574439233642,115.574439233642,70.5000405781556
898,581.067966858556,317.829215079963,115.574439233642,295.854889103141,58.106796685855606
899,1456.54798937405,14.499841618985,150.845257286727,150.845257286727,145.65479893740502
900,652.857466009079,3.31907140841948,75.0248494197382,75.0248494197382,65.2857466009079
901,447.280514561559,193.968783325937,75.0248494197382,180.321667874391,44.7280514561559
902,1954.66846575096,8.69146665425095,91.8716067364783,91.8716067364783,195.466846575096
903,957.814451563283,5.45677841723199,47.2834712416442,47.2834712416442,95.7814451563283
904,665.422181179546,217.216347046773,47.2834712416442,203.866925944874,66.5422181179546
905,1623.30196710128,10.8573013868637,104.344766230397,104.344766230397,162.330196710128
906,747.290422570635,1.02666191870603,51.3097898976973,51.3097898976973,74.7290422570635
907,888.215366643523,30.1529199137768,38.9524669871774,38.9524669871774,88.82153666435231
908,1956.95521632554,34.2033121410005,34.8068373564469,34.8068373564469,195.695521632554
909,863.665967946892,34.2033121410005,32.7871716389115,32.7871716389115,86.3665967946892
910,895.685618050011,26.7213376101566,28.3404206410935,28.3404206410935,89.56856180500111
911,1631.94345721744,0.0,13.8068715943789,13.8068715943789,163.194345721744
912,732.070103792935,0.0,6.72642462290253,6.72642462290253,73.20701037929351
913,948.174749977605,0.0,3.27697609833713,3.27697609833713,94.8174749977605
914,1852.2551457719,0.0,1.59647553508732,1.59647553508732,185.22551457719
915,1402.5821983181,0.0,0.777770132478439,0.777770132478439,140.25821983181
916,1075.34526595069,0.0,0.378913654284368,0.378913654284368,107.534526595069
917,1927.11333171595,0.0,0.184598959779564,0.184598959779564,192.71133317159502
918,1227.57430282808,0.0,0.0899328265592746,0.0899328265592746,122.757430282808
919,1040.95253515829,0.0,0.0438134283237492,0.0438134283237492,104.095253515829
920,2280.27643910596,0.0,0.0213450035423394,0.0213450035423394,228.027643910596
921,1044.90264220491,0.0,0.0103988478796012,0.0103988478796012,104.49026422049101
922,1032.5083860108,0.0,0.00506610537724162,0.00506610537724162,103.25083860108
923,2254.45017168995,0.0,0.00246810261968182,0.00246810261968182,225.445017168995
924,1454.50979102407,0.0,0.00120240896856294,0.00120240896856294,145.450979102407
925,1127.96723872006,0.0,0.000585788984684507,0.000585788984684507,112.79672387200601
926,1701.55445325617,0.0,0.000285384377153991,0.000285384377153991,170.15544532561702
927,1433.0264339569,0.0,0.000139033414510919,0.000139033414510919,143.30264339569
928,1143.90939575377,0.0,0.0,0.000139033414510919,114.390939575377
929,2061.43524258516,0.0,6.77342275822424e-05,6.77342275822424e-05,206.14352425851598
930,1313.28197724819,0.0,3.29987262580156e-05,3.29987262580156e-05,131.328197724819
931,775.431703633532,299.897791157358,3.29987262580156e-05,284.902899862715,77.54317036335321
932,1919.27590419432,12.6856034338744,144.67000613777,144.67000613777,191.92759041943202
933,1784.82203637709,3.065921894218,71.8992309438015,71.8992309438015,178.482203637709
934,453.419587269427,481.06846015422,71.8992309438015,453.230867096835,45.3419587269427
935,1854.64253122589,11.1385786248653,225.959944077402,225.959944077402,185.464253122589
936,1593.27165494078,0.0,110.083049678734,110.083049678734,159.32716549407803
937,1046.75077780513,255.118454867495,110.083049678734,236.568687404187,104.67507778051299
938,2035.1647691019,16.5953570420973,122.932083468959,122.932083468959,203.51647691019002
939,1800.30166220753,5.34426752203133,62.3634260175101,62.3634260175101,180.03016622075302
940,1180.74271725645,258.887569856717,62.3634260175101,242.660905784013,118.07427172564502
941,2080.49489341144,5.80837496473407,120.907650718197,120.907650718197,208.049489341144
942,1522.68158738108,1.0547896425062,59.3919055562303,59.3919055562303,152.26815873810799
943,861.242852285344,354.985938219981,59.3919055562303,334.110751542864,86.1242852285344
944,1667.72273256369,11.9964742007703,168.324118939444,168.324118939444,166.772273256369
945,1322.11948898128,4.5144996699265,84.0934609972209,84.0934609972209,132.211948898128
946,657.311225055894,236.230688335685,84.0934609972209,219.993182287468,65.73112250558941
947,1276.68074539864,3.22062437511891,108.666736754687,108.666736754687,127.66807453986401
948,968.142270536523,1.02666191870603,53.4153652813254,53.4153652813254,96.8142270536523
949,504.804144198879,455.219081981868,53.4153652813254,429.646792867968,50.4804144198879
950,1685.48322898754,12.0105380626704,214.873827603143,214.873827603143,168.548322898754
951,845.727530105897,1.12510895200661,105.20284464214,105.20284464214,84.57275301058971
952,421.850304584027,347.813368650939,105.20284464214,324.885708395121,42.18503045840271
953,1890.39544228681,9.28214885405438,162.573621700589,162.573621700589,189.03954422868102
954,1590.15268352643,2.65806989911557,80.4327429228265,80.4327429228265,159.01526835264303
955,421.633607039159,425.052098206191,80.4327429228265,399.566191036786,42.163360703915906
956,1382.35969251452,11.0963870391651,199.796087583483,199.796087583483,138.23596925145202
957,1093.98265174223,2.96747486091741,98.7099637263012,98.7099637263012,109.39826517422301
958,368.146029195257,462.29320451761,98.7099637263012,433.983283042976,36.8146029195257
959,1159.1825287911,9.25402113025433,215.710704082504,215.710704082504,115.91825287911
960,953.248346443887,1.15323667580679,105.623571783741,105.623571783741,95.32483464438872
961,855.34775098886,172.169797380809,105.623571783741,158.00217215473,85.534775098886
962,1955.75317184198,9.5634260920561,81.4015669718327,81.4015669718327,195.575317184198
963,871.364178045365,1.81423818511061,40.4968403001556,40.4968403001556,87.1364178045365
964,421.493830233644,391.059743993692,40.4968403001556,369.375344146631,42.14938302336441
965,1782.87547301701,7.08818639764158,183.232648801626,183.232648801626,178.287547301701
966,1007.40436892302,0.646937647403816,89.5666038914496,89.5666038914496,100.740436892302
967,1440.63737158431,217.666390627576,89.5666038914496,202.069039312437,144.063737158431
968,2988.27649012753,1.74391887561025,99.2510123754118,99.2510123754118,298.827649012753
969,2568.87019236459,0.97040647110568,48.8021813316995,48.8021813316995,256.887019236459
970,2100.9831185581,262.108194231836,48.8021813316995,246.434248660681,210.09831185581004
971,2705.12278257072,5.24582048873076,122.485584214732,122.485584214732,270.512278257072
972,2595.70969204499,1.30793915670768,60.2778051758583,60.2778051758583,259.570969204499
973,1695.63762168465,384.477856624454,60.2778051758583,362.081447731344,169.56376216846502
974,1620.46111366159,9.57748995395623,180.831312834986,180.831312834986,162.046111366159
975,735.563787236884,0.478171304602806,88.318613741354,88.318613741354,73.5563787236884
976,343.614046675129,276.270503165219,88.318613741354,257.808629915308,34.3614046675129
977,1230.95290971812,11.3073449676663,130.83234730916,130.83234730916,123.095290971812
978,854.585270455528,1.47670549950868,64.4222854651325,64.4222854651325,85.4585270455528
979,484.853118410847,352.046591082863,64.4222854651325,331.053614925292,48.4853118410847
980,1326.04031839358,9.15557409695372,165.519917846938,165.519917846938,132.60403183935802
981,829.218161560998,1.56108867090917,81.3604125538904,81.3604125538904,82.92181615609981
982,979.579850437536,151.763133763789,81.3604125538904,139.892850099079,97.95798504375361
983,2042.47900236343,2.47523969441452,69.298518676069,69.298518676069,204.247900236343
984,1116.5833581653,0.759448542604462,34.1123051548544,34.1123051548544,111.65833581653001
985,672.073366209579,293.709691921322,34.1123051548544,277.228822843421,67.2073366209579
986,1126.56459578991,7.77731563074562,138.659696952819,138.659696952819,112.65645957899102
987,768.940560252646,0.393788133202316,67.734413279689,67.734413279689,76.8940560252646
988,430.522881644086,227.722051886135,67.734413279689,212.770980171844,43.0522881644086
989,857.612099512598,2.02519611361189,104.59495931066,104.59495931066,85.7612099512598
990,679.408211804059,0.309404961801827,51.099717601617,51.099717601617,67.9408211804059
991,386.917113810462,216.935069808771,51.099717601617,203.398857497195,38.691711381046204
992,1417.89899344679,4.5707551175268,101.207190315848,101.207190315848,141.78989934467901
993,712.165919425906,0.0984470333005866,49.3516303833894,49.3516303833894,71.21659194259061
994,948.407647103332,157.894977552225,49.3516303833894,147.402774443909,94.8407647103332
995,2216.69465359914,0.520362890303066,72.0524426821603,72.0524426821603,221.66946535991403
996,1642.23656613128,0.351596547502064,35.2651981703451,35.2651981703451,164.22365661312801
997,1029.22768778324,214.600468733358,35.2651981703451,202.014382235093,102.92276877832401
998,2569.35874044941,1.27981143290752,99.0095861238652,99.0095861238652,256.93587404494104
999,1004.59078526963,0.0,48.2354393936779,48.2354393936779,100.45907852696301
1000,912.162285407777,300.994772385564,48.2354393936779,283.406326429777,91.2162285407777
1001,1567.62574728071,14.317011414284,144.695955338297,144.695955338297,156.762574728071
1002,1000.04340124995,0.0,70.4929013186575,70.4929013186575,100.004340124995
1003,682.877509642582,315.63525262355,70.4929013186575,296.143337291391,68.28775096425821
1004,1953.51039410639,6.3428017169372,147.210537936593,147.210537936593,195.35103941063903
1005,1060.34852439417,0.548490614103215,71.9718070866625,71.9718070866625,106.03485243941701
1006,540.803719279595,288.618573913492,71.9718070866625,270.399655371151,54.080371927959504
1007,2037.67112554822,5.97714130753505,134.499509042381,134.499509042381,203.767112554822
1008,1013.25471808,0.50629902840297,65.7597274171261,65.7597274171261,101.325471808
1009,1069.72842479505,290.629706165203,65.7597274171261,272.637182571831,106.972842479505
1010,2017.32969308776,6.03339675513535,135.615622571666,135.615622571666,201.732969308776
1011,1321.29228730967,0.42191585700251,66.2644207712963,66.2644207712963,132.12922873096701
1012,866.856178717427,298.899256962452,66.2644207712963,280.466693021103,86.6856178717427
1013,1991.3913382928,6.68033440253913,139.729415470943,139.729415470943,199.13913382928
1014,616.770224546184,0.393788133202346,68.2555581987751,68.2555581987751,61.677022454618395
1015,644.006418336101,279.294233473737,68.2555581987751,261.737124000115,64.4006418336101
1016,1590.63478459773,5.99120516943518,130.285810495141,130.285810495141,159.06347845977302
1017,1070.56521577732,0.604746061703556,63.7524632261903,63.7524632261903,107.056521577732
1018,509.432871705755,340.584543634296,63.7524632261903,320.199923651203,50.9432871705755
1019,1757.22070344947,6.44124875023776,158.975976649094,158.975976649094,175.722070344947
1020,1074.39303047373,0.661001509303898,77.7557598352747,77.7557598352747,107.43930304737302
1021,621.985891028619,308.926790497211,77.7557598352747,289.388042559967,62.1985891028619
1022,869.771744423314,6.48344033593802,143.98458735136,143.98458735136,86.9771744423314
1023,907.001696962318,0.154702480900928,70.2179369091311,70.2179369091311,90.7001696962318
1024,754.388313555456,9.40872361115514,38.5632887808933,38.5632887808933,75.4388313555456
1025,1478.66113884444,0.0,18.7872432522301,18.7872432522301,147.86611388444402
1026,951.913915054611,0.0,9.15275953313774,9.15275953313774,95.19139150546111
1027,372.988008568593,216.583473261269,9.15275953313774,205.272575412251,37.2988008568593
1028,704.192798437274,7.94608197354659,103.682197755264,103.682197755264,70.4192798437274
1029,722.604221377277,0.604746061703534,50.7917288144555,50.7917288144555,72.2604221377277
1030,242.403214485022,363.157041983929,50.7917288144555,342.325940999761,24.2403214485022
1031,1460.5225818326,7.9460819735466,170.45178611841,170.45178611841,146.05225818326002
1032,1182.33020088089,0.0,83.0406137499944,83.0406137499944,118.233020088089
1033,690.938820042179,322.39997019749,83.0406137499944,301.909413069194,69.0938820042179
1034,1596.34040361046,9.08525478745329,151.288915313544,151.288915313544,159.634040361046
1035,999.186680631389,0.140638619000847,73.7699466161617,73.7699466161617,99.91866806313891
1036,985.153545089009,63.0482928980696,65.1192480132622,65.1192480132622,98.5153545089009
1037,2201.2771044041,0.0703193095004083,31.7573070714991,31.7573070714991,220.12771044041003
1038,1650.8611375887,0.0,15.4715085732944,15.4715085732944,165.08611375887003
1039,1001.40049328159,129.289082447458,15.4715085732944,122.010338400175,100.14004932815901
1040,1808.13173796167,4.05039222722377,61.3155387001207,61.3155387001207,180.813173796167
1041,1345.61871787085,0.0984470333005679,29.9172360064966,29.9172360064966,134.561871787085
1042,929.415687079126,192.492077826428,29.9172360064966,181.292882566344,92.94156870791261
1043,1663.95954031332,3.98007291772337,90.1642329468062,90.1642329468062,166.39595403133202
1044,1312.73343434778,0.0,43.9261647689569,43.9261647689569,131.273343434778
1045,1145.07367048953,0.0,21.3999264259021,21.3999264259021,114.50736704895301
1046,2259.22529419071,0.0,10.4256051818497,10.4256051818497,225.922529419071
1047,1433.95615411811,0.0,0.0,10.4256051818497,143.395615411811
1048,895.280533590005,84.0175109910924,10.4256051818497,79.2679193793352,89.52805335900051
1049,2275.94752287683,3.50190161312054,40.2384562134409,40.2384562134409,227.59475228768304
1050,1406.6616886325,0.0562554476003416,19.6293866380657,19.6293866380657,140.66616886325002
1051,816.233096769648,358.923819552004,19.6293866380657,339.944502961874,81.62330967696481
1052,2002.0188676232,7.73512404504542,169.19396269971,169.19396269971,200.20188676232002
1053,1060.58407834911,0.0,82.4278279819098,82.4278279819098,106.05840783491101
1054,1254.59451338534,125.534031320136,82.4278279819098,114.919023018239,125.459451338534
1055,2333.9499362626,0.886023299705205,56.3962604591338,56.3962604591338,233.39499362626003
1056,1292.77607354373,0.0,27.4751012493216,27.4751012493216,129.277607354373
1057,1488.30775848595,40.771135648339,27.4751012493216,37.2865209054314,148.830775848595
1058,2455.61425946139,0.0,18.1652281334153,18.1652281334153,245.561425946139
1059,1595.87270678253,0.0,8.84972652653566,8.84972652653566,159.58727067825302
1060,1547.77196884078,49.2657082359888,8.84972652653566,46.3366477438453,154.777196884078
1061,2607.01867199624,0.239085652301411,22.6849180296693,22.6849180296693,260.701867199624
1062,1998.54439908866,0.0,11.051626732403,11.051626732403,199.854439908866
1063,1234.53017073465,186.00863749049,11.051626732403,176.126541051102,123.453017073465
1064,2396.35091853272,4.0222645034236,87.6668244681472,87.6668244681472,239.635091853272
1065,1328.52759798689,0.0,42.7094785870461,42.7094785870461,132.852759798689
1066,1295.07486578606,184.855400814683,42.7094785870461,173.364763479894,129.507486578606
1067,2759.53481797993,7.76325176884553,88.0527487319398,88.0527487319398,275.953481797993
1068,1662.34404026982,0.0,42.8974929719707,42.8974929719707,166.23440402698202
1069,1133.18441004536,204.544807474799,42.8974929719707,192.05980431306,113.318441004536
1070,2642.33479391557,2.13770700881255,94.5569716271081,94.5569716271081,264.233479391557
1071,957.566440871652,0.0,46.0662169465398,46.0662169465398,95.75664408716521
1072,824.682821234209,311.233263848824,46.0662169465398,293.247062922355,82.4682821234209
1073,2534.77675673048,8.62114734475061,146.853997566602,146.853997566602,253.477675673048
1074,1607.33017778654,0.0,71.5442552247549,71.5442552247549,160.73301777865402
1075,778.622195657983,325.029912372805,71.5442552247549,305.012929637072,77.8622195657983
1076,2085.83615402043,9.31027657785463,152.905029623965,152.905029623965,208.58361540204302
1077,1785.5262016356,0.0,74.4921939193678,74.4921939193678,178.55262016356002
1078,606.039873794217,362.749189988826,74.4921939193678,340.691088704155,60.6039873794217
1079,2199.90417787846,8.08672059254745,169.72041005319,169.72041005319,219.990417787846
1080,1428.95739871366,0.0,82.6843023336056,82.6843023336056,142.895739871366
1081,1054.97754452594,263.950560140747,82.6843023336056,246.40122674773,105.497754452594
1082,2578.47921799069,7.45384680704373,123.491416489077,123.491416489077,257.847921799069
1083,1541.73452141027,0.0,60.1624849562172,60.1624849562172,154.173452141027
1084,778.776044384637,268.352548915473,60.1624849562172,251.768474893056,77.8776044384637
1085,2978.75191085078,9.70406471105693,127.147676692376,127.147676692376,297.87519108507803
1086,1623.36375093371,0.0,61.9437399270548,61.9437399270548,162.336375093371
1087,1282.23804006276,264.049007174048,61.9437399270548,247.586359977079,128.22380400627603
1088,1704.84849404626,7.81950721644584,124.238024226189,124.238024226189,170.484849404626
1089,1532.05134016835,0.0,60.5262169307072,60.5262169307072,153.205134016835
1090,661.924997728948,267.508717201468,49.665376905234,262.380154161329,66.1924997728948
1091,2295.95079138335,8.32580624484882,0.0,270.289670093936,229.595079138335
1092,1606.47973707309,0.0,0.0,270.289670093936,160.647973707309
1093,607.524872658155,299.489939162255,270.289670093936,270.289670093935,60.7524872658155
1094,2079.16685106217,9.83063946815764,136.229404466283,136.229404466283,207.916685106217
1095,1465.4947305243,0.0,66.3681714066505,66.3681714066505,146.54947305243
1096,1795.86913178039,0.0,32.3332117109323,32.3332117109323,179.58691317803903
1097,2075.89463235383,0.0,15.7520775001978,15.7520775001978,207.589463235383
